/*
Navicat MySQL Data Transfer

Source Server         : mysql
Source Server Version : 50731
Source Host           : localhost:3306
Source Database       : sp_system

Target Server Type    : MYSQL
Target Server Version : 50731
File Encoding         : 65001

Date: 2021-01-19 18:13:43
*/

SET FOREIGN_KEY_CHECKS=0;

-- ----------------------------
-- Table structure for api_service_config
-- ----------------------------
DROP TABLE IF EXISTS `api_service_config`;
CREATE TABLE `api_service_config` (
  `id` int(11) NOT NULL AUTO_INCREMENT COMMENT '编号',
  `api_name` varchar(60) COLLATE utf8mb4_unicode_ci DEFAULT NULL COMMENT 'API名称',
  `api_code` varchar(60) COLLATE utf8mb4_unicode_ci DEFAULT NULL COMMENT 'API编码',
  `request_type` varchar(30) COLLATE utf8mb4_unicode_ci NOT NULL COMMENT '请求方式',
  `api_obj` varchar(30) COLLATE utf8mb4_unicode_ci DEFAULT NULL COMMENT '集成对象',
  `app_name` varchar(30) COLLATE utf8mb4_unicode_ci DEFAULT NULL COMMENT '所属应用',
  `api_url` varchar(60) COLLATE utf8mb4_unicode_ci NOT NULL COMMENT 'API地址',
  `data_type` varchar(30) COLLATE utf8mb4_unicode_ci DEFAULT NULL COMMENT '内容格式',
  `param_template` varchar(2000) COLLATE utf8mb4_unicode_ci DEFAULT NULL COMMENT '参数模板',
  `create_id` decimal(10,0) DEFAULT NULL COMMENT '创建人id',
  `create_name` varchar(30) COLLATE utf8mb4_unicode_ci DEFAULT NULL COMMENT '创建人名称',
  `create_time` datetime DEFAULT CURRENT_TIMESTAMP COMMENT '创建日期',
  `data_level` tinyint(4) DEFAULT '0' COMMENT '数据级别 0创建，1启用，2禁用',
  `order_no` double DEFAULT NULL COMMENT '排序号',
  PRIMARY KEY (`id`),
  KEY `IDX_api_serfig_api_name4BD9` (`api_name`),
  KEY `IDX_api_serfig_api_code2EE6` (`api_code`)
) ENGINE=InnoDB AUTO_INCREMENT=4 DEFAULT CHARSET=utf8mb4 COLLATE=utf8mb4_unicode_ci COMMENT='API服务配置表';

-- ----------------------------
-- Records of api_service_config
-- ----------------------------
INSERT INTO `api_service_config` VALUES ('2', '获取应用令牌', 'getAppToken', 'post', null, '金碟云苍穹', 'http://localhost:8080/ierp/api/getAppToken.do', 'json', '{\"appId\": \"helloworldtest\",\"appSecuret\": \"1234567\",\"tenantid\": \"ierp\",\"accountId\": \"679008189806542848\",\"language\": \"zh_CN\"}', null, null, '2021-01-19 17:11:31', '0', null);
INSERT INTO `api_service_config` VALUES ('3', '获取用户令牌', 'getUserToken', 'post', null, '金碟云苍穹', 'http://localhost:8080/ierp/api/login.do', 'json', '{\"user\": \"17299999999\",\"apptoken\": \"appToken\",\"tenantid\": \"ierp\",\"accountId\": \"679008189806542848\",\"usertype\": \"Mobile\"}', null, null, '2021-01-19 17:15:21', '0', null);

-- ----------------------------
-- Table structure for config_info
-- ----------------------------
DROP TABLE IF EXISTS `config_info`;
CREATE TABLE `config_info` (
  `id` bigint(20) NOT NULL AUTO_INCREMENT COMMENT 'id',
  `data_id` varchar(255) COLLATE utf8_bin NOT NULL COMMENT 'data_id',
  `group_id` varchar(255) COLLATE utf8_bin DEFAULT NULL,
  `content` longtext COLLATE utf8_bin NOT NULL COMMENT 'content',
  `md5` varchar(32) COLLATE utf8_bin DEFAULT NULL COMMENT 'md5',
  `gmt_create` datetime NOT NULL DEFAULT CURRENT_TIMESTAMP COMMENT '创建时间',
  `gmt_modified` datetime NOT NULL DEFAULT CURRENT_TIMESTAMP COMMENT '修改时间',
  `src_user` text COLLATE utf8_bin COMMENT 'source user',
  `src_ip` varchar(20) COLLATE utf8_bin DEFAULT NULL COMMENT 'source ip',
  `app_name` varchar(128) COLLATE utf8_bin DEFAULT NULL,
  `tenant_id` varchar(128) COLLATE utf8_bin DEFAULT '' COMMENT '租户字段',
  `c_desc` varchar(256) COLLATE utf8_bin DEFAULT NULL,
  `c_use` varchar(64) COLLATE utf8_bin DEFAULT NULL,
  `effect` varchar(64) COLLATE utf8_bin DEFAULT NULL,
  `type` varchar(64) COLLATE utf8_bin DEFAULT NULL,
  `c_schema` text COLLATE utf8_bin,
  PRIMARY KEY (`id`),
  UNIQUE KEY `uk_configinfo_datagrouptenant` (`data_id`,`group_id`,`tenant_id`)
) ENGINE=InnoDB AUTO_INCREMENT=50 DEFAULT CHARSET=utf8 COLLATE=utf8_bin COMMENT='config_info';

-- ----------------------------
-- Records of config_info
-- ----------------------------
INSERT INTO `config_info` VALUES ('1', 'application-dev.yml', 'DEFAULT_GROUP', 0x737072696E673A0A20206D61696E3A0A20202020616C6C6F772D6265616E2D646566696E6974696F6E2D6F766572726964696E673A20747275650A20206175746F636F6E6669677572653A0A202020206578636C7564653A20636F6D2E616C69626162612E64727569642E737072696E672E626F6F742E6175746F636F6E6669677572652E447275696444617461536F757263654175746F436F6E6669677572650A0A23E8AFB7E6B182E5A484E79086E79A84E8B685E697B6E697B6E997B40A726962626F6E3A0A20205265616454696D656F75743A2031303030300A2020436F6E6E65637454696D656F75743A2031303030300A0A2320666569676E20E9858DE7BDAE0A666569676E3A0A202073656E74696E656C3A0A20202020656E61626C65643A20747275650A20206F6B687474703A0A20202020656E61626C65643A20747275650A202068747470636C69656E743A0A20202020656E61626C65643A2066616C73650A2020636C69656E743A0A20202020636F6E6669673A0A20202020202064656661756C743A0A2020202020202020636F6E6E65637454696D656F75743A2031303030300A20202020202020207265616454696D656F75743A2031303030300A2020636F6D7072657373696F6E3A0A20202020726571756573743A0A202020202020656E61626C65643A20747275650A20202020726573706F6E73653A0A202020202020656E61626C65643A20747275650A0A2320E69AB4E99CB2E79B91E68EA7E7ABAFE782B90A6D616E6167656D656E743A0A2020656E64706F696E74733A0A202020207765623A0A2020202020206578706F737572653A0A2020202020202020696E636C7564653A20272A270A0A2320E8AEA4E8AF81E9858DE7BDAE0A73656375726974793A0A20206F61757468323A0A20202020636C69656E743A0A202020202020636C69656E742D69643A2074636F6973730A202020202020636C69656E742D7365637265743A203132333435360A20202020202073636F70653A207365727665720A202020207265736F757263653A0A2020202020206C6F616442616C616E6365643A20747275650A202020202020746F6B656E2D696E666F2D7572693A20687474703A2F2F72756F79692D617574682F6F617574682F636865636B5F746F6B656E0A2020202069676E6F72653A0A20202020202075726C733A0A20202020202020202D202F76322F6170692D646F63730A20202020202020202D202F6163747561746F722F2A2A0A20202020202020202D202F757365722F696E666F2F2A0A20202020202020202D202F6F7065726C6F670A20202020202020202D202F6C6F67696E696E666F720A20202020202020202D202F74657374, '1b3a73344bfa6a850ebb161223e31ae4', '2019-11-29 16:31:20', '2021-01-17 17:33:01', null, '0:0:0:0:0:0:0:1', '', '', '通用配置', 'null', 'null', 'yaml', 0x6E756C6C);
INSERT INTO `config_info` VALUES ('15', 'business-application-dev.yml', 'DEFAULT_GROUP', 0x23E8AFB7E6B182E5A484E79086E79A84E8B685E697B6E697B6E997B40D0A726962626F6E3A0D0A20205265616454696D656F75743A2031303030300D0A2020436F6E6E65637454696D656F75743A2031303030300D0A0D0A2320666569676E20E9858DE7BDAE0D0A666569676E3A0D0A202073656E74696E656C3A0D0A20202020656E61626C65643A20747275650D0A20206F6B687474703A0D0A20202020656E61626C65643A20747275650D0A202068747470636C69656E743A0D0A20202020656E61626C65643A2066616C73650D0A2020636C69656E743A0D0A20202020636F6E6669673A0D0A20202020202064656661756C743A0D0A2020202020202020636F6E6E65637454696D656F75743A2031303030300D0A20202020202020207265616454696D656F75743A2031303030300D0A2020636F6D7072657373696F6E3A0D0A20202020726571756573743A0D0A202020202020656E61626C65643A20747275650D0A20202020726573706F6E73653A0D0A202020202020656E61626C65643A20747275650D0A0D0A2320E69AB4E99CB2E79B91E68EA7E7ABAFE782B90D0A6D616E6167656D656E743A0D0A2020656E64706F696E74733A0D0A202020207765623A0D0A2020202020206578706F737572653A0D0A2020202020202020696E636C7564653A20272A270D0A0D0A2320E8AEA4E8AF81E9858DE7BDAE0D0A73656375726974793A0D0A20206F61757468323A0D0A20202020636C69656E743A0D0A202020202020636C69656E742D69643A2074636F6973730D0A202020202020636C69656E742D7365637265743A203132333435360D0A20202020202073636F70653A207365727665720D0A202020207265736F757263653A0D0A2020202020206C6F616442616C616E6365643A20747275650D0A202020202020746F6B656E2D696E666F2D7572693A20687474703A2F2F72756F79692D617574682F6F617574682F636865636B5F746F6B656E0D0A2020202069676E6F72653A0D0A20202020202075726C733A0D0A20202020202020202D202F76322F6170692D646F63730D0A20202020202020202D202F6163747561746F722F2A2A0D0A20202020202020202D202F757365722F696E666F2F2A0D0A20202020202020202D202F6F7065726C6F670D0A20202020202020202D202F6C6F67696E696E666F720D0A20202020202020202D202F746573740D0A0D0A23737072696E6720E585B1E4BAABE9858DE7BDAE0D0A737072696E673A200D0A202064617461736F757263653A0D0A202020206472697665722D636C6173732D6E616D653A20636F6D2E6D7973716C2E636A2E6A6462632E4472697665720D0A2020202075726C3A206A6462633A6D7973716C3A2F2F6C6F63616C686F73743A333330362F72792D636C6F75643F757365556E69636F64653D7472756526636861726163746572456E636F64696E673D75746638267A65726F4461746554696D654265686176696F723D636F6E76657274546F4E756C6C2675736553534C3D747275652673657276657254696D657A6F6E653D474D54253242380D0A20202020757365726E616D653A20726F6F740D0A2020202070617373776F72643A203132333435360D0A202072656469733A0D0A20202020686F73743A206C6F63616C686F73740D0A20202020706F72743A20363337390D0A2020202070617373776F72643A20313233343536, '919164925fb406c15ad9f7673d6487b0', '2021-01-17 17:31:19', '2021-01-17 17:56:22', null, '0:0:0:0:0:0:0:1', '', '', '业务服务通用模块', 'null', 'null', 'yaml', 0x6E756C6C);
INSERT INTO `config_info` VALUES ('17', 'tcoiss-gateway-dev.yml', 'DEFAULT_GROUP', 0x737072696E673A0D0A202072656469733A0D0A20202020686F73743A206C6F63616C686F73740D0A20202020706F72743A20363337390D0A2020202070617373776F72643A203132333435360D0A2020636C6F75643A0D0A20202020676174657761793A0D0A202020202020646973636F766572793A0D0A20202020202020206C6F6361746F723A0D0A202020202020202020206C6F776572436173655365727669636549643A20747275650D0A20202020202020202020656E61626C65643A20747275650D0A202020202020726F757465733A0D0A20202020202020202320E8AEA4E8AF81E4B8ADE5BF830D0A20202020202020202D2069643A2074636F6973732D617574680D0A202020202020202020207572693A206C623A2F2F74636F6973732D617574680D0A20202020202020202020707265646963617465733A0D0A2020202020202020202020202D20506174683D2F617574682F2A2A0D0A2020202020202020202066696C746572733A0D0A2020202020202020202020202320E9AA8CE8AF81E7A081E5A484E790860D0A2020202020202020202020202D2043616368655265717565737446696C7465720D0A2020202020202020202020202D2056616C6964617465436F646546696C7465720D0A2020202020202020202020202D2053747269705072656669783D310D0A20202020202020202320E4BBA3E7A081E7949FE688900D0A20202020202020202D2069643A2074636F6973732D67656E0D0A202020202020202020207572693A206C623A2F2F74636F6973732D67656E0D0A20202020202020202020707265646963617465733A0D0A2020202020202020202020202D20506174683D2F636F64652F2A2A0D0A2020202020202020202066696C746572733A0D0A2020202020202020202020202D2053747269705072656669783D310D0A20202020202020202320E7B3BBE7BB9FE6A8A1E59D970D0A20202020202020202D2069643A2074636F6973732D73797374656D0D0A202020202020202020207572693A206C623A2F2F74636F6973732D73797374656D0D0A20202020202020202020707265646963617465733A0D0A2020202020202020202020202D20506174683D2F73797374656D2F2A2A0D0A2020202020202020202066696C746572733A0D0A2020202020202020202020202D2053747269705072656669783D310D0A20202020202020202320E69687E4BBB6E69C8DE58AA10D0A20202020202020202D2069643A2074636F6973732D66696C650D0A202020202020202020207572693A206C623A2F2F74636F6973732D66696C650D0A20202020202020202020707265646963617465733A0D0A2020202020202020202020202D20506174683D2F66696C652F2A2A0D0A2020202020202020202066696C746572733A0D0A2020202020202020202020202D2053747269705072656669783D310D0A20202020202020202320E695B0E68DAEE5BA93E99B86E68890E69C8DE58AA10D0A20202020202020202D2069643A2074636F6973732D6462736F757263650D0A202020202020202020207572693A206C623A2F2F74636F6973732D6462736F757263650D0A20202020202020202020707265646963617465733A0D0A2020202020202020202020202D20506174683D2F6462736F757263652F2A2A0D0A2020202020202020202066696C746572733A0D0A2020202020202020202020202D2053747269705072656669783D310D0A0D0A20202020202020202320776562E99B86E68890E69C8DE58AA10D0A20202020202020202D2069643A2074636F6973732D776562736572766963650D0A202020202020202020207572693A206C623A2F2F74636F6973732D776562736572766963650D0A20202020202020202020707265646963617465733A0D0A2020202020202020202020202D20506174683D2F776562736572766963652F2A2A0D0A2020202020202020202066696C746572733A0D0A2020202020202020202020202D2053747269705072656669783D310D0A0D0A2320E4B88DE6A0A1E9AA8CE799BDE5908DE58D950D0A69676E6F72653A0D0A20207768697465733A0D0A202020202D202F617574682F6C6F676F75740D0A202020202D202F617574682F6C6F67696E0D0A202020202D202F2A2F76322F6170692D646F63730D0A202020202D202F637372660D0A, '2331c33686cb0b39ae1618acb6495805', '2021-01-17 17:34:56', '2021-01-19 15:14:45', null, '0:0:0:0:0:0:0:1', '', '', '网关配置', 'null', 'null', 'yaml', 0x6E756C6C);
INSERT INTO `config_info` VALUES ('19', 'tcoiss-auth-dev.yml', 'DEFAULT_GROUP', 0x737072696E673A200D0A202064617461736F757263653A0D0A202020206472697665722D636C6173732D6E616D653A20636F6D2E6D7973716C2E636A2E6A6462632E4472697665720D0A2020202075726C3A206A6462633A6D7973716C3A2F2F6C6F63616C686F73743A333330362F73705F73797374656D3F757365556E69636F64653D7472756526636861726163746572456E636F64696E673D75746638267A65726F4461746554696D654265686176696F723D636F6E76657274546F4E756C6C2675736553534C3D747275652673657276657254696D657A6F6E653D474D54253242380D0A20202020757365726E616D653A20726F6F740D0A2020202070617373776F72643A203132333435360D0A202072656469733A0D0A20202020686F73743A206C6F63616C686F73740D0A20202020706F72743A20363337390D0A2020202070617373776F72643A203132333435360D0A, 'c0b2f15f60510e1bff2b8d3e464fe2ea', '2021-01-17 17:39:05', '2021-01-17 17:58:43', null, '0:0:0:0:0:0:0:1', '', '', 'null', 'null', 'null', 'yaml', 0x6E756C6C);
INSERT INTO `config_info` VALUES ('20', 'tcoiss-gen-dev.yml', 'DEFAULT_GROUP', 0x2320737072696E67E9858DE7BDAE0D0A737072696E673A200D0A202072656469733A0D0A20202020686F73743A206C6F63616C686F73740D0A20202020706F72743A20363337390D0A2020202070617373776F72643A203132333435360D0A202064617461736F757263653A200D0A202020206472697665722D636C6173732D6E616D653A20636F6D2E6D7973716C2E636A2E6A6462632E4472697665720D0A2020202075726C3A206A6462633A6D7973716C3A2F2F6C6F63616C686F73743A333330362F73705F73797374656D3F757365556E69636F64653D7472756526636861726163746572456E636F64696E673D75746638267A65726F4461746554696D654265686176696F723D636F6E76657274546F4E756C6C2675736553534C3D747275652673657276657254696D657A6F6E653D474D54253242380D0A20202020757365726E616D653A20726F6F740D0A2020202070617373776F72643A203132333435360D0A0D0A23206D796261746973E9858DE7BDAE0D0A6D7962617469733A0D0A202020202320E6909CE7B4A2E68C87E5AE9AE58C85E588ABE5908D0D0A2020202074797065416C69617365735061636B6167653A20636F6D2E74636F6973732E67656E2E646F6D61696E0D0A202020202320E9858DE7BDAE6D6170706572E79A84E689ABE68F8FEFBC8CE689BEE588B0E68980E69C89E79A846D61707065722E786D6CE698A0E5B084E69687E4BBB60D0A202020206D61707065724C6F636174696F6E733A20636C617373706174683A6D61707065722F2A2A2F2A2E786D6C0D0A0D0A232073776167676572E9858DE7BDAE0D0A737761676765723A0D0A20207469746C653A20E4BBA3E7A081E7949FE68890E68EA5E58FA3E69687E6A1A30D0A20206C6963656E73653A20506F77657265642042792072756F79690D0A20206C6963656E736555726C3A2068747470733A2F2F72756F79692E7669700D0A2020617574686F72697A6174696F6E3A0D0A202020206E616D653A2052756F5969204F417574680D0A20202020617574682D72656765783A205E2E2A240D0A20202020617574686F72697A6174696F6E2D73636F70652D6C6973743A0D0A2020202020202D2073636F70653A207365727665720D0A20202020202020206465736372697074696F6E3A20E5AEA2E688B7E7ABAFE68E88E69D83E88C83E59BB40D0A20202020746F6B656E2D75726C2D6C6973743A0D0A2020202020202D20687474703A2F2F6C6F63616C686F73743A383038302F617574682F6F617574682F746F6B656E0D0A0D0A2320E4BBA3E7A081E7949FE688900D0A67656E3A200D0A20202320E4BD9CE880850D0A2020617574686F723A207A770D0A20202320E9BB98E8AEA4E7949FE68890E58C85E8B7AFE5BE842073797374656D20E99C80E694B9E68890E887AAE5B7B1E79A84E6A8A1E59D97E5908DE7A7B020E5A6822073797374656D206D6F6E69746F7220746F6F6C0D0A20207061636B6167654E616D653A20636F6D2E74636F6973732E73797374656D0D0A20202320E887AAE58AA8E58EBBE999A4E8A1A8E5898DE7BC80EFBC8CE9BB98E8AEA4E698AF66616C73650D0A20206175746F52656D6F76655072653A2066616C73650D0A20202320E8A1A8E5898DE7BC80EFBC88E7949FE68890E7B1BBE5908DE4B88DE4BC9AE58C85E590ABE8A1A8E5898DE7BC80EFBC8CE5A49AE4B8AAE794A8E98097E58FB7E58886E99A94EFBC890D0A20207461626C655072656669783A207379735F0D0A, '5950454597a733f666f113e8ea07edee', '2021-01-17 17:39:35', '2021-01-18 10:24:04', null, '0:0:0:0:0:0:0:1', '', '', 'null', 'null', 'null', 'yaml', 0x6E756C6C);
INSERT INTO `config_info` VALUES ('21', 'tcoiss-system-dev.yml', 'DEFAULT_GROUP', 0x2320737072696E67E9858DE7BDAE0D0A737072696E673A200D0A202072656469733A0D0A20202020686F73743A206C6F63616C686F73740D0A20202020706F72743A20363337390D0A2020202070617373776F72643A203132333435360D0A202064617461736F757263653A200D0A202020206472697665722D636C6173732D6E616D653A20636F6D2E6D7973716C2E636A2E6A6462632E4472697665720D0A2020202075726C3A206A6462633A6D7973716C3A2F2F6C6F63616C686F73743A333330362F73705F73797374656D3F757365556E69636F64653D7472756526636861726163746572456E636F64696E673D75746638267A65726F4461746554696D654265686176696F723D636F6E76657274546F4E756C6C2675736553534C3D747275652673657276657254696D657A6F6E653D474D54253242380D0A20202020757365726E616D653A20726F6F740D0A2020202070617373776F72643A203132333435360D0A0D0A23206D796261746973E9858DE7BDAE0D0A6D7962617469733A0D0A202020202320E6909CE7B4A2E68C87E5AE9AE58C85E588ABE5908D0D0A2020202074797065416C69617365735061636B6167653A20636F6D2E74636F6973732E73797374656D0D0A202020202320E9858DE7BDAE6D6170706572E79A84E689ABE68F8FEFBC8CE689BEE588B0E68980E69C89E79A846D61707065722E786D6CE698A0E5B084E69687E4BBB60D0A202020206D61707065724C6F636174696F6E733A20636C617373706174683A6D61707065722F2A2A2F2A2E786D6C0D0A0D0A232073776167676572E9858DE7BDAE0D0A737761676765723A0D0A20207469746C653A20E7B3BBE7BB9FE6A8A1E59D97E68EA5E58FA3E69687E6A1A30D0A20206C6963656E73653A20506F77657265642042792072756F79690D0A20206C6963656E736555726C3A2068747470733A2F2F72756F79692E7669700D0A2020617574686F72697A6174696F6E3A0D0A202020206E616D653A2052756F5969204F417574680D0A20202020617574682D72656765783A205E2E2A240D0A20202020617574686F72697A6174696F6E2D73636F70652D6C6973743A0D0A2020202020202D2073636F70653A207365727665720D0A20202020202020206465736372697074696F6E3A20E5AEA2E688B7E7ABAFE68E88E69D83E88C83E59BB40D0A20202020746F6B656E2D75726C2D6C6973743A0D0A2020202020202D20687474703A2F2F6C6F63616C686F73743A383038302F617574682F6F617574682F746F6B656E0D0A, '90b30d3631af480e332c94c5feb59075', '2021-01-17 17:41:07', '2021-01-18 11:14:27', null, '0:0:0:0:0:0:0:1', '', '', '', 'null', 'null', 'yaml', 0x6E756C6C);
INSERT INTO `config_info` VALUES ('22', 'sentinel-tcoiss-gateway', 'DEFAULT_GROUP', 0x5B0D0A202020207B0D0A2020202020202020227265736F75726365223A202274636F6973732D61757468222C0D0A202020202020202022636F756E74223A203530302C0D0A2020202020202020226772616465223A20312C0D0A2020202020202020226C696D6974417070223A202264656661756C74222C0D0A2020202020202020227374726174656779223A20302C0D0A202020202020202022636F6E74726F6C4265686176696F72223A20300D0A202020207D2C0D0A097B0D0A2020202020202020227265736F75726365223A202274636F6973732D73797374656D222C0D0A202020202020202022636F756E74223A20313030302C0D0A2020202020202020226772616465223A20312C0D0A2020202020202020226C696D6974417070223A202264656661756C74222C0D0A2020202020202020227374726174656779223A20302C0D0A202020202020202022636F6E74726F6C4265686176696F72223A20300D0A202020207D2C0D0A097B0D0A2020202020202020227265736F75726365223A202274636F6973732D67656E222C0D0A202020202020202022636F756E74223A203230302C0D0A2020202020202020226772616465223A20312C0D0A2020202020202020226C696D6974417070223A202264656661756C74222C0D0A2020202020202020227374726174656779223A20302C0D0A202020202020202022636F6E74726F6C4265686176696F72223A20300D0A202020207D0D0A5D, '5004d3c3e6672da94711cbdfb9e3ecdb', '2021-01-17 17:49:06', '2021-01-18 08:36:55', null, '0:0:0:0:0:0:0:1', '', '', 'null', 'null', 'null', 'yaml', 0x6E756C6C);
INSERT INTO `config_info` VALUES ('23', 'tcoiss-file-dev.yml', 'DEFAULT_GROUP', 0x2320E69CACE59CB0E69687E4BBB6E4B88AE4BCA0202020200D0A66696C653A0D0A20202020646F6D61696E3A20687474703A2F2F3132372E302E302E313A393330300D0A20202020706174683A20443A2F74636F6973732F75706C6F6164506174680D0A202020207072656669783A202F737461746963730D0A0D0A232046617374444653E9858DE7BDAE0D0A666466733A0D0A2020646F6D61696E3A20687474703A2F2F382E3132392E3233312E31320D0A2020736F54696D656F75743A20333030300D0A2020636F6E6E65637454696D656F75743A20323030300D0A2020747261636B65724C6973743A20382E3132392E3233312E31323A32323132320D0A0D0A23204D696E696FE9858DE7BDAE0D0A6D696E696F3A0D0A202075726C3A20687474703A2F2F382E3132392E3233312E31323A393030300D0A20206163636573734B65793A206D696E696F61646D696E0D0A20207365637265744B65793A206D696E696F61646D696E0D0A20206275636B65744E616D653A2074657374, '4651de87f9c6e336ef9c8d38ab759f04', '2020-11-20 00:00:00', '2021-01-18 09:24:42', null, '0:0:0:0:0:0:0:1', '', '', '文件服务', 'null', 'null', 'yaml', 0x6E756C6C);
INSERT INTO `config_info` VALUES ('43', 'tcoiss-dbsource-dev.yml', 'DEFAULT_GROUP', 0x2320737072696E67E9858DE7BDAE0D0A737072696E673A200D0A202072656469733A0D0A20202020686F73743A206C6F63616C686F73740D0A20202020706F72743A20363337390D0A2020202070617373776F72643A203132333435360D0A202064617461736F757263653A0D0A20202020647269766572436C6173734E616D653A20636F6D2E6D7973716C2E636A2E6A6462632E4472697665720D0A2020202075726C3A206A6462633A6D7973716C3A2F2F6C6F63616C686F73743A333330362F73705F73797374656D3F757365556E69636F64653D7472756526636861726163746572456E636F64696E673D75746638267A65726F4461746554696D654265686176696F723D636F6E76657274546F4E756C6C2675736553534C3D747275652673657276657254696D657A6F6E653D474D54253242380D0A20202020757365726E616D653A20726F6F740D0A2020202070617373776F72643A203132333435360D0A20202020747970653A20636F6D2E616C69626162612E64727569642E706F6F6C2E447275696444617461536F757263650D0A202020202320E4B88BE99DA2E4B8BAE8BF9EE68EA5E6B1A0E79A84E8A1A5E58585E8AEBEE7BDAEEFBC8CE5BA94E794A8E588B0E4B88AE99DA2E68980E69C89E695B0E68DAEE6BA90E4B8AD0D0A202020202320E5889DE5A78BE58C96E5A4A7E5B08FEFBC8CE69C80E5B08FEFBC8CE69C80E5A4A70D0A20202020696E697469616C53697A653A20350D0A202020206D696E49646C653A20350D0A202020206D61784163746976653A2032300D0A202020202320E9858DE7BDAEE88EB7E58F96E8BF9EE68EA5E7AD89E5BE85E8B685E697B6E79A84E697B6E997B40D0A202020206D6178576169743A2036303030300D0A202020202320E9858DE7BDAEE997B4E99A94E5A49AE4B985E6898DE8BF9BE8A18CE4B880E6ACA1E6A380E6B58BEFBC8CE6A380E6B58BE99C80E8A681E585B3E997ADE79A84E7A9BAE997B2E8BF9EE68EA5EFBC8CE58D95E4BD8DE698AFE6AFABE7A7920D0A2020202074696D654265747765656E4576696374696F6E52756E734D696C6C69733A2036303030300D0A202020202320E9858DE7BDAEE4B880E4B8AAE8BF9EE68EA5E59CA8E6B1A0E4B8ADE69C80E5B08FE7949FE5AD98E79A84E697B6E997B4EFBC8CE58D95E4BD8DE698AFE6AFABE7A7920D0A202020206D696E457669637461626C6549646C6554696D654D696C6C69733A203330303030300D0A2020202076616C69646174696F6E51756572793A2053454C45435420312046524F4D204455414C0D0A20202020746573745768696C6549646C653A20747275650D0A20202020746573744F6E426F72726F773A2066616C73650D0A20202020746573744F6E52657475726E3A2066616C73650D0A202020202320E68993E5BC8050534361636865EFBC8CE5B9B6E4B894E68C87E5AE9AE6AF8FE4B8AAE8BF9EE68EA5E4B88A50534361636865E79A84E5A4A7E5B08F0D0A20202020706F6F6C507265706172656453746174656D656E74733A20747275650D0A202020206D6178506F6F6C507265706172656453746174656D656E74506572436F6E6E656374696F6E53697A653A2032300D0A202020202320E9858DE7BDAEE79B91E68EA7E7BB9FE8AEA1E68BA6E688AAE79A8466696C74657273EFBC8CE58EBBE68E89E5908EE79B91E68EA7E7958CE99DA273716CE697A0E6B395E7BB9FE8AEA1EFBC8C2777616C6C27E794A8E4BA8EE998B2E781ABE5A2990D0A2020202066696C746572733A20737461742C77616C6C2C6C6F67346A0D0A202020202320E9809AE8BF87636F6E6E65637450726F70657274696573E5B19EE680A7E69DA5E68993E5BC806D6572676553716CE58A9FE883BDEFBC9BE685A253514CE8AEB0E5BD950D0A20202020636F6E6E656374696F6E50726F706572746965733A2064727569642E737461742E6D6572676553716C3D747275653B64727569642E737461742E736C6F7753716C4D696C6C69733D353030300D0A202020202320E59088E5B9B6E5A49AE4B8AA447275696444617461536F75726365E79A84E79B91E68EA7E695B0E68DAE0D0A20202020757365476C6F62616C44617461536F75726365537461743A20747275650D0A20202020232323232323232323232323232323E4BBA5E4B88AE4B8BAE9858DE7BDAE6472756964E6B7BBE58AA0E79A84E9858DE7BDAE0D0A0D0A23206D796261746973E9858DE7BDAE0D0A6D7962617469732D706C75733A0D0A202020202320E6909CE7B4A2E68C87E5AE9AE58C85E588ABE5908D0D0A2020202074797065416C69617365735061636B6167653A20636F6D2E74636F6973732E6462736F757263652E646F6D61696E0D0A202020202320E9858DE7BDAE6D6170706572E79A84E689ABE68F8FEFBC8CE689BEE588B0E68980E69C89E79A846D61707065722E786D6CE698A0E5B084E69687E4BBB60D0A202020206D61707065724C6F636174696F6E733A20636C617373706174683A6D61707065722F2A2A2F2A2E786D6C0D0A20202020232053494D504C45EFBC9AE8AFA5E689A7E8A18CE599A8E7B1BBE59E8BE4B88DE5819AE789B9E6AE8AE79A84E4BA8BE68385EFBC8CE4B8BAE6AF8FE4B8AAE8AFADE58FA5E79A84E689A7E8A18CE5889BE5BBBAE4B880E4B8AAE696B0E79A84E9A284E5A484E79086E8AFADE58FA5EFBC88507265706172656453746174656D656E74EFBC890D0A202020206578656375746F72547970653A2053494D504C450D0A2020202023204D79426174697320E887AAE58AA8E698A0E5B084E697B6E69CAAE79FA5E58897E68896E69CAAE79FA5E5B19EE680A7E5A484E79086E7AD960D0A2020202023204E4F4E45EFBC9AE4B88DE5819AE4BBBBE4BD95E5A484E790862028E9BB98E8AEA4E580BC290D0A2020202023205741524E494E47EFBC9AE4BBA5E697A5E5BF97E79A84E5BDA2E5BC8FE68993E58DB0E79BB8E585B3E8ADA6E5918AE4BFA1E681AF0D0A2020202023204641494C494E47EFBC9AE5BD93E4BD9CE698A0E5B084E5A4B1E8B4A5E5A484E79086EFBC8CE5B9B6E68A9BE587BAE5BC82E5B8B8E5928CE8AFA6E7BB86E4BFA1E681AF0D0A202020206175746F4D617070696E67556E6B6E6F776E436F6C756D6E4265686176696F723A205741524E494E470D0A2020202023204D796261746973E4B880E7BAA7E7BC93E5AD98EFBC8CE9BB98E8AEA4E4B8BA2053455353494F4E0D0A20202020232053455353494F4E2073657373696F6EE7BAA7E588ABE7BC93E5AD98EFBC8CE5908CE4B880E4B8AA73657373696F6EE79BB8E5908CE69FA5E8AFA2E8AFADE58FA5E4B88DE4BC9AE5868DE6ACA1E69FA5E8AFA2E695B0E68DAEE5BA930D0A20202020232053544154454D454E5420E585B3E997ADE4B880E7BAA7E7BC93E5AD980D0A202020206C6F63616C436163686553636F70653A2053455353494F4E0D0A202020202320E5BC80E590AF4D796261746973E4BA8CE7BAA7E7BC93E5AD98EFBC8CE9BB98E8AEA4E4B8BA20747275650D0A202020206361636865456E61626C65643A20747275650D0A676C6F62616C2D636F6E6669673A0D0A202020202320E698AFE590A6E68993E58DB0204C6F676F2062616E6E65720D0A2020202062616E6E65723A20747275650D0A202020202320E698AFE590A6E5889DE5A78BE58C962053716C52756E6E65720D0A20202020656E61626C6553716C52756E6E65723A2066616C73650D0A202020206462436F6E6669673A0D0A2020202020202320E4B8BBE994AEE7B1BBE59E8B0D0A20202020202023204155544F20E695B0E68DAEE5BA934944E887AAE5A29E0D0A20202020202023204E4F4E4520E7A9BA0D0A2020202020202320494E50555420E794A8E688B7E8BE93E585A549440D0A202020202020232041535349474E5F494420E585A8E5B180E594AFE4B88049440D0A202020202020232041535349474E5F5555494420E585A8E5B180E594AFE4B880494420555549440D0A2020202020206964547970653A204155544F0D0A2020202020202320E8A1A8E5908DE5898DE7BC800D0A2020202020207461626C655072656669783A206E756C6C0D0A2020202020202320E5AD97E6AEB520666F726D61742CE4BE8B3A2025732C28E5AFB9E4B8BBE994AEE697A0E69588290D0A202020202020636F6C756D6E466F726D61743A206E756C6C0D0A2020202020202320E8A1A8E5908DE698AFE590A6E4BDBFE794A8E9A9BCE5B3B0E8BDACE4B88BE58892E7BABFE591BDE5908D2CE58FAAE5AFB9E8A1A8E5908DE7949FE695880D0A2020202020207461626C65556E6465726C696E653A20747275650D0A2020202020202320E5A4A7E58699E591BDE5908D2CE5AFB9E8A1A8E5908DE5928CE5AD97E6AEB5E5908DE59D87E7949FE695880D0A2020202020206361706974616C4D6F64653A2066616C73650D0A2020202020202320E585A8E5B180E79A84656E74697479E79A84E980BBE8BE91E588A0E999A4E5AD97E6AEB5E5B19EE680A7E5908D0D0A2020202020206C6F67696344656C6574654669656C643A206E756C6C0D0A2020202020202320E980BBE8BE91E5B7B2E588A0E999A4E580BC0D0A2020202020206C6F67696344656C65746556616C75653A20310D0A2020202020202320E980BBE8BE91E69CAAE588A0E999A4E580BC0D0A2020202020206C6F6769634E6F7444656C65746556616C75653A20300D0A2020202020202320E5AD97E6AEB5E9AA8CE8AF81E7AD96E795A5E4B98B20696E736572742CE59CA820696E7365727420E79A84E697B6E58099E79A84E5AD97E6AEB5E9AA8CE8AF81E7AD96E795A50D0A202020202020232049474E4F52454420E5BFBDE795A5E588A4E696AD0D0A20202020202023204E4F545F4E554C4C20E99D9E4E554C4CE588A4E696AD0D0A20202020202023204E4F545F454D50545920E99D9EE7A9BAE588A4E696AD28E58FAAE5AFB9E5AD97E7ACA6E4B8B2E7B1BBE59E8BE5AD97E6AEB52CE585B6E4BB96E7B1BBE59E8BE5AD97E6AEB5E4BE9DE784B6E4B8BAE99D9E4E554C4CE588A4E696AD290D0A202020202020232044454641554C5420E9BB98E8AEA4E79A842CE4B880E888ACE58FAAE794A8E4BA8EE6B3A8E8A7A3E9878C0D0A20202020202023204E4556455220E4B88DE58AA0E585A52053514C0D0A202020202020696E7365727453747261746567793A204E4F545F4E554C4C0D0A2020202020202320E5AD97E6AEB5E9AA8CE8AF81E7AD96E795A5E4B98B207570646174652CE59CA82075706461746520E79A84E697B6E58099E79A84E5AD97E6AEB5E9AA8CE8AF81E7AD96E795A50D0A20202020202075706461746553747261746567793A204E4F545F4E554C4C0D0A2020202020202320E5AD97E6AEB5E9AA8CE8AF81E7AD96E795A5E4B98B2073656C6563742CE59CA82073656C65637420E79A84E697B6E58099E79A84E5AD97E6AEB5E9AA8CE8AF81E7AD96E795A5E697A2207772617070657220E6A0B9E68DAEE58685E983A820656E7469747920E7949FE68890E79A8420776865726520E69DA1E4BBB60D0A20202020202073656C65637453747261746567793A204E4F545F4E554C4C0D0A232073776167676572E9858DE7BDAE0D0A737761676765723A0D0A20207469746C653A20E5AE9AE697B6E4BBBBE58AA1E68EA5E58FA3E69687E6A1A30D0A20206C6963656E73653A20506F77657265642042792072756F79690D0A20206C6963656E736555726C3A2068747470733A2F2F72756F79692E7669700D0A2020617574686F72697A6174696F6E3A0D0A202020206E616D653A2052756F5969204F417574680D0A20202020617574682D72656765783A205E2E2A240D0A20202020617574686F72697A6174696F6E2D73636F70652D6C6973743A0D0A2020202020202D2073636F70653A207365727665720D0A20202020202020206465736372697074696F6E3A20E5AEA2E688B7E7ABAFE68E88E69D83E88C83E59BB40D0A20202020746F6B656E2D75726C2D6C6973743A0D0A2020202020202D20687474703A2F2F6C6F63616C686F73743A383038302F617574682F6F617574682F746F6B656E0D0A, '1518f07738842fc309359004709a8c47', '2021-01-18 15:14:56', '2021-01-19 16:06:39', null, '0:0:0:0:0:0:0:1', '', '', 'null', 'null', 'null', 'yaml', 0x6E756C6C);
INSERT INTO `config_info` VALUES ('45', 'tcoiss-webservice-dev.yml', 'DEFAULT_GROUP', 0x2320737072696E67E9858DE7BDAE0D0A737072696E673A200D0A202072656469733A0D0A20202020686F73743A206C6F63616C686F73740D0A20202020706F72743A20363337390D0A2020202070617373776F72643A203132333435360D0A202064617461736F757263653A200D0A202020206472697665722D636C6173732D6E616D653A20636F6D2E6D7973716C2E636A2E6A6462632E4472697665720D0A2020202075726C3A206A6462633A6D7973716C3A2F2F6C6F63616C686F73743A333330362F73705F73797374656D3F757365556E69636F64653D7472756526636861726163746572456E636F64696E673D75746638267A65726F4461746554696D654265686176696F723D636F6E76657274546F4E756C6C2675736553534C3D747275652673657276657254696D657A6F6E653D474D54253242380D0A20202020757365726E616D653A20726F6F740D0A2020202070617373776F72643A203132333435360D0A0D0A23206D796261746973E9858DE7BDAE0D0A23206D796261746973E9858DE7BDAE0D0A6D7962617469732D706C75733A0D0A202020202320E6909CE7B4A2E68C87E5AE9AE58C85E588ABE5908D0D0A2020202074797065416C69617365735061636B6167653A20636F6D2E74636F6973732E776562736572766963652E646F6D61696E0D0A202020202320E9858DE7BDAE6D6170706572E79A84E689ABE68F8FEFBC8CE689BEE588B0E68980E69C89E79A846D61707065722E786D6CE698A0E5B084E69687E4BBB60D0A202020206D61707065724C6F636174696F6E733A20636C617373706174683A6D61707065722F2A2A2F2A2E786D6C0D0A20202020232053494D504C45EFBC9AE8AFA5E689A7E8A18CE599A8E7B1BBE59E8BE4B88DE5819AE789B9E6AE8AE79A84E4BA8BE68385EFBC8CE4B8BAE6AF8FE4B8AAE8AFADE58FA5E79A84E689A7E8A18CE5889BE5BBBAE4B880E4B8AAE696B0E79A84E9A284E5A484E79086E8AFADE58FA5EFBC88507265706172656453746174656D656E74EFBC890D0A202020206578656375746F72547970653A2053494D504C450D0A2020202023204D79426174697320E887AAE58AA8E698A0E5B084E697B6E69CAAE79FA5E58897E68896E69CAAE79FA5E5B19EE680A7E5A484E79086E7AD960D0A2020202023204E4F4E45EFBC9AE4B88DE5819AE4BBBBE4BD95E5A484E790862028E9BB98E8AEA4E580BC290D0A2020202023205741524E494E47EFBC9AE4BBA5E697A5E5BF97E79A84E5BDA2E5BC8FE68993E58DB0E79BB8E585B3E8ADA6E5918AE4BFA1E681AF0D0A2020202023204641494C494E47EFBC9AE5BD93E4BD9CE698A0E5B084E5A4B1E8B4A5E5A484E79086EFBC8CE5B9B6E68A9BE587BAE5BC82E5B8B8E5928CE8AFA6E7BB86E4BFA1E681AF0D0A202020206175746F4D617070696E67556E6B6E6F776E436F6C756D6E4265686176696F723A205741524E494E470D0A2020202023204D796261746973E4B880E7BAA7E7BC93E5AD98EFBC8CE9BB98E8AEA4E4B8BA2053455353494F4E0D0A20202020232053455353494F4E2073657373696F6EE7BAA7E588ABE7BC93E5AD98EFBC8CE5908CE4B880E4B8AA73657373696F6EE79BB8E5908CE69FA5E8AFA2E8AFADE58FA5E4B88DE4BC9AE5868DE6ACA1E69FA5E8AFA2E695B0E68DAEE5BA930D0A20202020232053544154454D454E5420E585B3E997ADE4B880E7BAA7E7BC93E5AD980D0A202020206C6F63616C436163686553636F70653A2053455353494F4E0D0A202020202320E5BC80E590AF4D796261746973E4BA8CE7BAA7E7BC93E5AD98EFBC8CE9BB98E8AEA4E4B8BA20747275650D0A202020206361636865456E61626C65643A20747275650D0A676C6F62616C2D636F6E6669673A0D0A202020202320E698AFE590A6E68993E58DB0204C6F676F2062616E6E65720D0A2020202062616E6E65723A20747275650D0A202020202320E698AFE590A6E5889DE5A78BE58C962053716C52756E6E65720D0A20202020656E61626C6553716C52756E6E65723A2066616C73650D0A202020206462436F6E6669673A0D0A2020202020202320E4B8BBE994AEE7B1BBE59E8B0D0A20202020202023204155544F20E695B0E68DAEE5BA934944E887AAE5A29E0D0A20202020202023204E4F4E4520E7A9BA0D0A2020202020202320494E50555420E794A8E688B7E8BE93E585A549440D0A202020202020232041535349474E5F494420E585A8E5B180E594AFE4B88049440D0A202020202020232041535349474E5F5555494420E585A8E5B180E594AFE4B880494420555549440D0A2020202020206964547970653A204155544F0D0A2020202020202320E8A1A8E5908DE5898DE7BC800D0A2020202020207461626C655072656669783A206E756C6C0D0A2020202020202320E5AD97E6AEB520666F726D61742CE4BE8B3A2025732C28E5AFB9E4B8BBE994AEE697A0E69588290D0A202020202020636F6C756D6E466F726D61743A206E756C6C0D0A2020202020202320E8A1A8E5908DE698AFE590A6E4BDBFE794A8E9A9BCE5B3B0E8BDACE4B88BE58892E7BABFE591BDE5908D2CE58FAAE5AFB9E8A1A8E5908DE7949FE695880D0A2020202020207461626C65556E6465726C696E653A20747275650D0A2020202020202320E5A4A7E58699E591BDE5908D2CE5AFB9E8A1A8E5908DE5928CE5AD97E6AEB5E5908DE59D87E7949FE695880D0A2020202020206361706974616C4D6F64653A2066616C73650D0A2020202020202320E585A8E5B180E79A84656E74697479E79A84E980BBE8BE91E588A0E999A4E5AD97E6AEB5E5B19EE680A7E5908D0D0A2020202020206C6F67696344656C6574654669656C643A206E756C6C0D0A2020202020202320E980BBE8BE91E5B7B2E588A0E999A4E580BC0D0A2020202020206C6F67696344656C65746556616C75653A20310D0A2020202020202320E980BBE8BE91E69CAAE588A0E999A4E580BC0D0A2020202020206C6F6769634E6F7444656C65746556616C75653A20300D0A2020202020202320E5AD97E6AEB5E9AA8CE8AF81E7AD96E795A5E4B98B20696E736572742CE59CA820696E7365727420E79A84E697B6E58099E79A84E5AD97E6AEB5E9AA8CE8AF81E7AD96E795A50D0A202020202020232049474E4F52454420E5BFBDE795A5E588A4E696AD0D0A20202020202023204E4F545F4E554C4C20E99D9E4E554C4CE588A4E696AD0D0A20202020202023204E4F545F454D50545920E99D9EE7A9BAE588A4E696AD28E58FAAE5AFB9E5AD97E7ACA6E4B8B2E7B1BBE59E8BE5AD97E6AEB52CE585B6E4BB96E7B1BBE59E8BE5AD97E6AEB5E4BE9DE784B6E4B8BAE99D9E4E554C4CE588A4E696AD290D0A202020202020232044454641554C5420E9BB98E8AEA4E79A842CE4B880E888ACE58FAAE794A8E4BA8EE6B3A8E8A7A3E9878C0D0A20202020202023204E4556455220E4B88DE58AA0E585A52053514C0D0A202020202020696E7365727453747261746567793A204E4F545F4E554C4C0D0A2020202020202320E5AD97E6AEB5E9AA8CE8AF81E7AD96E795A5E4B98B207570646174652CE59CA82075706461746520E79A84E697B6E58099E79A84E5AD97E6AEB5E9AA8CE8AF81E7AD96E795A50D0A20202020202075706461746553747261746567793A204E4F545F4E554C4C0D0A2020202020202320E5AD97E6AEB5E9AA8CE8AF81E7AD96E795A5E4B98B2073656C6563742CE59CA82073656C65637420E79A84E697B6E58099E79A84E5AD97E6AEB5E9AA8CE8AF81E7AD96E795A5E697A2207772617070657220E6A0B9E68DAEE58685E983A820656E7469747920E7949FE68890E79A8420776865726520E69DA1E4BBB60D0A20202020202073656C65637453747261746567793A204E4F545F4E554C4C0D0A0D0A232073776167676572E9858DE7BDAE0D0A737761676765723A0D0A20207469746C653A20E4BBA3E7A081E7949FE68890E68EA5E58FA3E69687E6A1A30D0A20206C6963656E73653A20506F77657265642042792072756F79690D0A20206C6963656E736555726C3A2068747470733A2F2F72756F79692E7669700D0A2020617574686F72697A6174696F6E3A0D0A202020206E616D653A2052756F5969204F417574680D0A20202020617574682D72656765783A205E2E2A240D0A20202020617574686F72697A6174696F6E2D73636F70652D6C6973743A0D0A2020202020202D2073636F70653A207365727665720D0A20202020202020206465736372697074696F6E3A20E5AEA2E688B7E7ABAFE68E88E69D83E88C83E59BB40D0A20202020746F6B656E2D75726C2D6C6973743A0D0A2020202020202D20687474703A2F2F6C6F63616C686F73743A383038302F617574682F6F617574682F746F6B656E0D0A0D0A232068747470E8BF9EE68EA5E9858DE7BDAE0D0A687474703A0D0A202023E5889BE5BBBAE8BF9EE68EA5E79A84E69C80E995BFE697B6E997B40D0A2020636F6E6E65637454696D656F75743A20313030300D0A202023E4BB8EE8BF9EE68EA5E6B1A0E4B8ADE88EB7E58F96E588B0E8BF9EE68EA5E79A84E69C80E995BFE697B6E997B40D0A2020636F6E6E656374696F6E5265717565737454696D656F75743A203530300D0A202023E5B9B6E58F91E695B00D0A202064656661756C744D6178506572526F7574653A2032300D0A202023E69C80E5A4A7E8BF9EE68EA5E695B00D0A20206D6178546F74616C3A203130300D0A202023E695B0E68DAEE4BCA0E8BE93E79A84E69C80E995BFE697B6E997B40D0A2020736F636B657454696D656F75743A2031303030300D0A202023E68F90E4BAA4E8AFB7E6B182E5898DE6B58BE8AF95E8BF9EE68EA5E698AFE590A6E58FAFE794A80D0A20207374616C65436F6E6E656374696F6E436865636B456E61626C65643A20747275650D0A0D0A, 'd4d4a1d97b80573b99e23a4bd669d20b', '2021-01-18 17:32:09', '2021-01-19 16:07:33', null, '0:0:0:0:0:0:0:1', '', '', 'null', 'null', 'null', 'yaml', 0x6E756C6C);

-- ----------------------------
-- Table structure for config_info_aggr
-- ----------------------------
DROP TABLE IF EXISTS `config_info_aggr`;
CREATE TABLE `config_info_aggr` (
  `id` bigint(20) NOT NULL AUTO_INCREMENT COMMENT 'id',
  `data_id` varchar(255) COLLATE utf8_bin NOT NULL COMMENT 'data_id',
  `group_id` varchar(255) COLLATE utf8_bin NOT NULL COMMENT 'group_id',
  `datum_id` varchar(255) COLLATE utf8_bin NOT NULL COMMENT 'datum_id',
  `content` longtext COLLATE utf8_bin NOT NULL COMMENT '内容',
  `gmt_modified` datetime NOT NULL COMMENT '修改时间',
  `app_name` varchar(128) COLLATE utf8_bin DEFAULT NULL,
  `tenant_id` varchar(128) COLLATE utf8_bin DEFAULT '' COMMENT '租户字段',
  PRIMARY KEY (`id`),
  UNIQUE KEY `uk_configinfoaggr_datagrouptenantdatum` (`data_id`,`group_id`,`tenant_id`,`datum_id`)
) ENGINE=InnoDB DEFAULT CHARSET=utf8 COLLATE=utf8_bin COMMENT='增加租户字段';

-- ----------------------------
-- Records of config_info_aggr
-- ----------------------------

-- ----------------------------
-- Table structure for config_info_beta
-- ----------------------------
DROP TABLE IF EXISTS `config_info_beta`;
CREATE TABLE `config_info_beta` (
  `id` bigint(20) NOT NULL AUTO_INCREMENT COMMENT 'id',
  `data_id` varchar(255) COLLATE utf8_bin NOT NULL COMMENT 'data_id',
  `group_id` varchar(128) COLLATE utf8_bin NOT NULL COMMENT 'group_id',
  `app_name` varchar(128) COLLATE utf8_bin DEFAULT NULL COMMENT 'app_name',
  `content` longtext COLLATE utf8_bin NOT NULL COMMENT 'content',
  `beta_ips` varchar(1024) COLLATE utf8_bin DEFAULT NULL COMMENT 'betaIps',
  `md5` varchar(32) COLLATE utf8_bin DEFAULT NULL COMMENT 'md5',
  `gmt_create` datetime NOT NULL DEFAULT CURRENT_TIMESTAMP COMMENT '创建时间',
  `gmt_modified` datetime NOT NULL DEFAULT CURRENT_TIMESTAMP COMMENT '修改时间',
  `src_user` text COLLATE utf8_bin COMMENT 'source user',
  `src_ip` varchar(20) COLLATE utf8_bin DEFAULT NULL COMMENT 'source ip',
  `tenant_id` varchar(128) COLLATE utf8_bin DEFAULT '' COMMENT '租户字段',
  PRIMARY KEY (`id`),
  UNIQUE KEY `uk_configinfobeta_datagrouptenant` (`data_id`,`group_id`,`tenant_id`)
) ENGINE=InnoDB DEFAULT CHARSET=utf8 COLLATE=utf8_bin COMMENT='config_info_beta';

-- ----------------------------
-- Records of config_info_beta
-- ----------------------------

-- ----------------------------
-- Table structure for config_info_tag
-- ----------------------------
DROP TABLE IF EXISTS `config_info_tag`;
CREATE TABLE `config_info_tag` (
  `id` bigint(20) NOT NULL AUTO_INCREMENT COMMENT 'id',
  `data_id` varchar(255) COLLATE utf8_bin NOT NULL COMMENT 'data_id',
  `group_id` varchar(128) COLLATE utf8_bin NOT NULL COMMENT 'group_id',
  `tenant_id` varchar(128) COLLATE utf8_bin DEFAULT '' COMMENT 'tenant_id',
  `tag_id` varchar(128) COLLATE utf8_bin NOT NULL COMMENT 'tag_id',
  `app_name` varchar(128) COLLATE utf8_bin DEFAULT NULL COMMENT 'app_name',
  `content` longtext COLLATE utf8_bin NOT NULL COMMENT 'content',
  `md5` varchar(32) COLLATE utf8_bin DEFAULT NULL COMMENT 'md5',
  `gmt_create` datetime NOT NULL DEFAULT CURRENT_TIMESTAMP COMMENT '创建时间',
  `gmt_modified` datetime NOT NULL DEFAULT CURRENT_TIMESTAMP COMMENT '修改时间',
  `src_user` text COLLATE utf8_bin COMMENT 'source user',
  `src_ip` varchar(20) COLLATE utf8_bin DEFAULT NULL COMMENT 'source ip',
  PRIMARY KEY (`id`),
  UNIQUE KEY `uk_configinfotag_datagrouptenanttag` (`data_id`,`group_id`,`tenant_id`,`tag_id`)
) ENGINE=InnoDB DEFAULT CHARSET=utf8 COLLATE=utf8_bin COMMENT='config_info_tag';

-- ----------------------------
-- Records of config_info_tag
-- ----------------------------

-- ----------------------------
-- Table structure for config_tags_relation
-- ----------------------------
DROP TABLE IF EXISTS `config_tags_relation`;
CREATE TABLE `config_tags_relation` (
  `id` bigint(20) NOT NULL COMMENT 'id',
  `tag_name` varchar(128) COLLATE utf8_bin NOT NULL COMMENT 'tag_name',
  `tag_type` varchar(64) COLLATE utf8_bin DEFAULT NULL COMMENT 'tag_type',
  `data_id` varchar(255) COLLATE utf8_bin NOT NULL COMMENT 'data_id',
  `group_id` varchar(128) COLLATE utf8_bin NOT NULL COMMENT 'group_id',
  `tenant_id` varchar(128) COLLATE utf8_bin DEFAULT '' COMMENT 'tenant_id',
  `nid` bigint(20) NOT NULL AUTO_INCREMENT,
  PRIMARY KEY (`nid`),
  UNIQUE KEY `uk_configtagrelation_configidtag` (`id`,`tag_name`,`tag_type`),
  KEY `idx_tenant_id` (`tenant_id`)
) ENGINE=InnoDB DEFAULT CHARSET=utf8 COLLATE=utf8_bin COMMENT='config_tag_relation';

-- ----------------------------
-- Records of config_tags_relation
-- ----------------------------

-- ----------------------------
-- Table structure for data_field
-- ----------------------------
DROP TABLE IF EXISTS `data_field`;
CREATE TABLE `data_field` (
  `id` int(11) NOT NULL AUTO_INCREMENT COMMENT '编号',
  `data_obj_id` int(11) DEFAULT NULL COMMENT '父编号',
  `field_name` varchar(30) COLLATE utf8mb4_unicode_ci DEFAULT NULL COMMENT '字段名称',
  `field_type` varchar(30) COLLATE utf8mb4_unicode_ci DEFAULT NULL COMMENT '字段类型',
  `field_length` decimal(10,0) DEFAULT NULL COMMENT '字段长度',
  `entity_field` varchar(20) COLLATE utf8mb4_unicode_ci DEFAULT NULL COMMENT '实体字段名',
  `create_date` datetime DEFAULT CURRENT_TIMESTAMP COMMENT '创建日期',
  `data_level` tinyint(4) DEFAULT '0' COMMENT '数据级别 0创建 1启用 2禁用',
  `order_no` double DEFAULT NULL COMMENT '排序号',
  PRIMARY KEY (`id`),
  KEY `IDX_data_field_field_name` (`field_name`),
  KEY `FK_data_field_data_obj_id` (`data_obj_id`),
  CONSTRAINT `FK_data_field_data_obj_id` FOREIGN KEY (`data_obj_id`) REFERENCES `data_obj` (`id`)
) ENGINE=InnoDB DEFAULT CHARSET=utf8mb4 COLLATE=utf8mb4_unicode_ci COMMENT='数据字段表 数据对象字段的纵表，可根据数据对象表和纵表字段生成数据库对应的表，并代码生成器生成实体对象后可反写实体对象名到数据对象中';

-- ----------------------------
-- Records of data_field
-- ----------------------------

-- ----------------------------
-- Table structure for data_obj
-- ----------------------------
DROP TABLE IF EXISTS `data_obj`;
CREATE TABLE `data_obj` (
  `id` int(11) NOT NULL AUTO_INCREMENT COMMENT '编号',
  `obj_table` varchar(30) COLLATE utf8mb4_unicode_ci NOT NULL COMMENT '对象表名',
  `logic_name` varchar(30) COLLATE utf8mb4_unicode_ci DEFAULT NULL COMMENT '业务逻辑名',
  `describe` varchar(255) COLLATE utf8mb4_unicode_ci DEFAULT NULL COMMENT '表描述',
  `database` varchar(20) COLLATE utf8mb4_unicode_ci DEFAULT NULL COMMENT '所属数据库',
  `class_name` varchar(255) COLLATE utf8mb4_unicode_ci DEFAULT NULL COMMENT '对象类名',
  `creator_id` int(11) DEFAULT NULL COMMENT '创建人编号',
  `creator_name` varchar(30) COLLATE utf8mb4_unicode_ci DEFAULT NULL COMMENT '创建人姓名',
  `create_date` datetime DEFAULT CURRENT_TIMESTAMP COMMENT '创建日期',
  `data_level` tinyint(4) DEFAULT '0' COMMENT '数据级别 0正常 1启用 2禁用',
  `order_no` double DEFAULT NULL COMMENT '排序号',
  PRIMARY KEY (`id`)
) ENGINE=InnoDB DEFAULT CHARSET=utf8mb4 COLLATE=utf8mb4_unicode_ci COMMENT='数据对象表';

-- ----------------------------
-- Records of data_obj
-- ----------------------------

-- ----------------------------
-- Table structure for data_source
-- ----------------------------
DROP TABLE IF EXISTS `data_source`;
CREATE TABLE `data_source` (
  `id` int(11) NOT NULL AUTO_INCREMENT COMMENT '编号',
  `ip_address` varchar(30) COLLATE utf8mb4_unicode_ci NOT NULL COMMENT '连接ip',
  `user_name` varchar(30) COLLATE utf8mb4_unicode_ci NOT NULL COMMENT '用户名',
  `pass_word` varchar(30) COLLATE utf8mb4_unicode_ci NOT NULL COMMENT '密码',
  `conncet_attr` varchar(100) COLLATE utf8mb4_unicode_ci DEFAULT NULL COMMENT '连接属性',
  `database_type` varchar(10) COLLATE utf8mb4_unicode_ci NOT NULL COMMENT '数据库类型 mysql,sqlserver,ora',
  `creator_id` int(11) DEFAULT NULL COMMENT '创建人编号',
  `creator_name` varchar(30) COLLATE utf8mb4_unicode_ci DEFAULT NULL COMMENT '创建人姓名',
  `create_date` datetime DEFAULT CURRENT_TIMESTAMP COMMENT '创建日期',
  `data_level` tinyint(4) DEFAULT NULL COMMENT '数据级别 0创建 1启用 2禁用',
  `order_no` double DEFAULT NULL COMMENT '排序号',
  `database_name` varchar(30) COLLATE utf8mb4_unicode_ci DEFAULT NULL COMMENT '数据库名称',
  `ip_port` int(11) NOT NULL COMMENT '连接端口',
  PRIMARY KEY (`id`)
) ENGINE=InnoDB DEFAULT CHARSET=utf8mb4 COLLATE=utf8mb4_unicode_ci COMMENT='数据源配置表 动态数据源配置信息表';

-- ----------------------------
-- Records of data_source
-- ----------------------------

-- ----------------------------
-- Table structure for gen_table
-- ----------------------------
DROP TABLE IF EXISTS `gen_table`;
CREATE TABLE `gen_table` (
  `table_id` bigint(20) NOT NULL AUTO_INCREMENT COMMENT '编号',
  `table_name` varchar(200) COLLATE utf8mb4_unicode_ci DEFAULT '' COMMENT '表名称',
  `table_comment` varchar(500) COLLATE utf8mb4_unicode_ci DEFAULT '' COMMENT '表描述',
  `class_name` varchar(100) COLLATE utf8mb4_unicode_ci DEFAULT '' COMMENT '实体类名称',
  `tpl_category` varchar(200) COLLATE utf8mb4_unicode_ci DEFAULT 'crud' COMMENT '使用的模板（crud单表操作 tree树表操作）',
  `package_name` varchar(100) COLLATE utf8mb4_unicode_ci DEFAULT NULL COMMENT '生成包路径',
  `module_name` varchar(30) COLLATE utf8mb4_unicode_ci DEFAULT NULL COMMENT '生成模块名',
  `business_name` varchar(30) COLLATE utf8mb4_unicode_ci DEFAULT NULL COMMENT '生成业务名',
  `function_name` varchar(50) COLLATE utf8mb4_unicode_ci DEFAULT NULL COMMENT '生成功能名',
  `function_author` varchar(50) COLLATE utf8mb4_unicode_ci DEFAULT NULL COMMENT '生成功能作者',
  `gen_type` char(1) COLLATE utf8mb4_unicode_ci DEFAULT '0' COMMENT '生成代码方式（0zip压缩包 1自定义路径）',
  `gen_path` varchar(200) COLLATE utf8mb4_unicode_ci DEFAULT '/' COMMENT '生成路径（不填默认项目路径）',
  `options` varchar(1000) COLLATE utf8mb4_unicode_ci DEFAULT NULL COMMENT '其它生成选项',
  `create_by` varchar(64) COLLATE utf8mb4_unicode_ci DEFAULT '' COMMENT '创建者',
  `create_time` datetime DEFAULT NULL COMMENT '创建时间',
  `update_by` varchar(64) COLLATE utf8mb4_unicode_ci DEFAULT '' COMMENT '更新者',
  `update_time` datetime DEFAULT NULL COMMENT '更新时间',
  `remark` varchar(500) COLLATE utf8mb4_unicode_ci DEFAULT NULL COMMENT '备注',
  PRIMARY KEY (`table_id`)
) ENGINE=InnoDB AUTO_INCREMENT=3 DEFAULT CHARSET=utf8mb4 COLLATE=utf8mb4_unicode_ci COMMENT='代码生成业务表';

-- ----------------------------
-- Records of gen_table
-- ----------------------------
INSERT INTO `gen_table` VALUES ('1', 'api_service_config', 'API服务配置表', 'ApiServiceConfig', 'crud', 'com.tcoiss.webService', 'integration', 'apiServiceConfig', 'API服务配置', 'zw', '0', '/', '{\"parentMenuId\":\"4\"}', 'admin', '2021-01-19 09:18:40', '', '2021-01-19 11:33:50', null);
INSERT INTO `gen_table` VALUES ('2', 'data_source', '数据源配置表', 'DataSource', 'crud', 'com.tcoiss.dbsource', 'integration', 'datasource', '数据源配置', 'zw', '0', '/', '{\"parentMenuId\":\"4\"}', 'admin', '2021-01-19 09:18:40', '', '2021-01-19 14:40:35', null);

-- ----------------------------
-- Table structure for gen_table_column
-- ----------------------------
DROP TABLE IF EXISTS `gen_table_column`;
CREATE TABLE `gen_table_column` (
  `column_id` bigint(20) NOT NULL AUTO_INCREMENT COMMENT '编号',
  `table_id` varchar(64) COLLATE utf8mb4_unicode_ci DEFAULT NULL COMMENT '归属表编号',
  `column_name` varchar(200) COLLATE utf8mb4_unicode_ci DEFAULT NULL COMMENT '列名称',
  `column_comment` varchar(500) COLLATE utf8mb4_unicode_ci DEFAULT NULL COMMENT '列描述',
  `column_type` varchar(100) COLLATE utf8mb4_unicode_ci DEFAULT NULL COMMENT '列类型',
  `java_type` varchar(500) COLLATE utf8mb4_unicode_ci DEFAULT NULL COMMENT 'JAVA类型',
  `java_field` varchar(200) COLLATE utf8mb4_unicode_ci DEFAULT NULL COMMENT 'JAVA字段名',
  `is_pk` char(1) COLLATE utf8mb4_unicode_ci DEFAULT NULL COMMENT '是否主键（1是）',
  `is_increment` char(1) COLLATE utf8mb4_unicode_ci DEFAULT NULL COMMENT '是否自增（1是）',
  `is_required` char(1) COLLATE utf8mb4_unicode_ci DEFAULT NULL COMMENT '是否必填（1是）',
  `is_insert` char(1) COLLATE utf8mb4_unicode_ci DEFAULT NULL COMMENT '是否为插入字段（1是）',
  `is_edit` char(1) COLLATE utf8mb4_unicode_ci DEFAULT NULL COMMENT '是否编辑字段（1是）',
  `is_list` char(1) COLLATE utf8mb4_unicode_ci DEFAULT NULL COMMENT '是否列表字段（1是）',
  `is_query` char(1) COLLATE utf8mb4_unicode_ci DEFAULT NULL COMMENT '是否查询字段（1是）',
  `query_type` varchar(200) COLLATE utf8mb4_unicode_ci DEFAULT 'EQ' COMMENT '查询方式（等于、不等于、大于、小于、范围）',
  `html_type` varchar(200) COLLATE utf8mb4_unicode_ci DEFAULT NULL COMMENT '显示类型（文本框、文本域、下拉框、复选框、单选框、日期控件）',
  `dict_type` varchar(200) COLLATE utf8mb4_unicode_ci DEFAULT '' COMMENT '字典类型',
  `sort` int(11) DEFAULT NULL COMMENT '排序',
  `create_by` varchar(64) COLLATE utf8mb4_unicode_ci DEFAULT '' COMMENT '创建者',
  `create_time` datetime DEFAULT NULL COMMENT '创建时间',
  `update_by` varchar(64) COLLATE utf8mb4_unicode_ci DEFAULT '' COMMENT '更新者',
  `update_time` datetime DEFAULT NULL COMMENT '更新时间',
  PRIMARY KEY (`column_id`)
) ENGINE=InnoDB AUTO_INCREMENT=28 DEFAULT CHARSET=utf8mb4 COLLATE=utf8mb4_unicode_ci COMMENT='代码生成业务表字段';

-- ----------------------------
-- Records of gen_table_column
-- ----------------------------
INSERT INTO `gen_table_column` VALUES ('1', '1', 'id', '编号', 'int(11)', 'Long', 'id', '1', '1', null, '1', null, null, null, 'EQ', 'input', '', '1', 'admin', '2021-01-19 09:18:40', '', '2021-01-19 11:33:50');
INSERT INTO `gen_table_column` VALUES ('2', '1', 'api_name', 'API名称', 'varchar(60)', 'String', 'apiName', '0', '0', null, '1', '1', '1', '1', 'LIKE', 'input', '', '2', 'admin', '2021-01-19 09:18:40', '', '2021-01-19 11:33:50');
INSERT INTO `gen_table_column` VALUES ('3', '1', 'api_code', 'API编码', 'varchar(60)', 'String', 'apiCode', '0', '0', null, '1', '1', '1', null, 'EQ', 'input', '', '3', 'admin', '2021-01-19 09:18:40', '', '2021-01-19 11:33:50');
INSERT INTO `gen_table_column` VALUES ('4', '1', 'requre_type', '请求方式', 'varchar(30)', 'String', 'requreType', '0', '0', '1', '1', '1', '1', '1', 'EQ', 'select', 'request_type', '4', 'admin', '2021-01-19 09:18:40', '', '2021-01-19 11:33:50');
INSERT INTO `gen_table_column` VALUES ('5', '1', 'api_obj', '集成对象', 'varchar(30)', 'String', 'apiObj', '0', '0', null, '1', '1', '1', null, 'EQ', 'input', '', '5', 'admin', '2021-01-19 09:18:40', '', '2021-01-19 11:33:50');
INSERT INTO `gen_table_column` VALUES ('6', '1', 'app_name', '所属应用', 'varchar(30)', 'String', 'appName', '0', '0', null, '1', '1', '1', '1', 'LIKE', 'input', '', '6', 'admin', '2021-01-19 09:18:40', '', '2021-01-19 11:33:50');
INSERT INTO `gen_table_column` VALUES ('7', '1', 'api_url', 'API地址', 'varchar(60)', 'String', 'apiUrl', '0', '0', '1', '1', '1', '1', null, 'EQ', 'input', '', '7', 'admin', '2021-01-19 09:18:40', '', '2021-01-19 11:33:50');
INSERT INTO `gen_table_column` VALUES ('8', '1', 'data_type', '内容格式', 'varchar(30)', 'String', 'dataType', '0', '0', null, '1', '1', '1', null, 'EQ', 'input', '', '8', 'admin', '2021-01-19 09:18:40', '', '2021-01-19 11:33:50');
INSERT INTO `gen_table_column` VALUES ('9', '1', 'param_template', '参数模板', 'varchar(2000)', 'String', 'paramTemplate', '0', '0', null, '1', '1', '1', null, 'EQ', 'textarea', '', '9', 'admin', '2021-01-19 09:18:40', '', '2021-01-19 11:33:50');
INSERT INTO `gen_table_column` VALUES ('10', '1', 'create_id', '创建人id', 'decimal(10,0)', 'Long', 'createId', '0', '0', null, '1', '1', '1', null, 'EQ', 'input', '', '10', 'admin', '2021-01-19 09:18:40', '', '2021-01-19 11:33:50');
INSERT INTO `gen_table_column` VALUES ('11', '1', 'create_name', '创建人名称', 'varchar(30)', 'String', 'createName', '0', '0', null, '1', '1', '1', '1', 'LIKE', 'input', '', '11', 'admin', '2021-01-19 09:18:40', '', '2021-01-19 11:33:50');
INSERT INTO `gen_table_column` VALUES ('12', '1', 'create_time', '创建日期', 'datetime', 'Date', 'createTime', '0', '0', null, '1', null, null, null, 'EQ', 'datetime', '', '12', 'admin', '2021-01-19 09:18:40', '', '2021-01-19 11:33:50');
INSERT INTO `gen_table_column` VALUES ('13', '1', 'data_level', '数据级别', 'tinyint(4)', 'Integer', 'dataLevel', '0', '0', null, '1', '1', '1', '1', 'EQ', 'select', 'data_level', '13', 'admin', '2021-01-19 09:18:40', '', '2021-01-19 11:33:50');
INSERT INTO `gen_table_column` VALUES ('14', '1', 'order_no', '排序号', 'double', 'Long', 'orderNo', '0', '0', null, '1', '1', '1', null, 'EQ', 'input', '', '14', 'admin', '2021-01-19 09:18:40', '', '2021-01-19 11:33:50');
INSERT INTO `gen_table_column` VALUES ('15', '2', 'id', '编号', 'int(11)', 'Long', 'id', '1', '1', null, '1', null, null, null, 'EQ', 'input', '', '1', 'admin', '2021-01-19 09:18:40', '', '2021-01-19 14:40:35');
INSERT INTO `gen_table_column` VALUES ('16', '2', 'ip_address', '连接ip', 'varchar(30)', 'String', 'ipAddress', '0', '0', '1', '1', '1', '1', '1', 'EQ', 'input', '', '2', 'admin', '2021-01-19 09:18:40', '', '2021-01-19 14:40:35');
INSERT INTO `gen_table_column` VALUES ('17', '2', 'user_name', '用户名', 'varchar(30)', 'String', 'userName', '0', '0', '1', '1', '1', '1', null, 'LIKE', 'input', '', '3', 'admin', '2021-01-19 09:18:40', '', '2021-01-19 14:40:35');
INSERT INTO `gen_table_column` VALUES ('18', '2', 'pass_word', '密码', 'varchar(30)', 'String', 'passWord', '0', '0', '1', '1', '1', '1', null, 'EQ', 'input', '', '4', 'admin', '2021-01-19 09:18:40', '', '2021-01-19 14:40:35');
INSERT INTO `gen_table_column` VALUES ('19', '2', 'conncet_attr', '连接属性', 'varchar(100)', 'String', 'conncetAttr', '0', '0', null, '1', '1', '1', null, 'EQ', 'input', '', '5', 'admin', '2021-01-19 09:18:40', '', '2021-01-19 14:40:35');
INSERT INTO `gen_table_column` VALUES ('20', '2', 'database_type', '数据库类型', 'varchar(10)', 'String', 'databaseType', '0', '0', '1', '1', '1', '1', '1', 'EQ', 'select', 'database_type', '6', 'admin', '2021-01-19 09:18:40', '', '2021-01-19 14:40:35');
INSERT INTO `gen_table_column` VALUES ('21', '2', 'creator_id', '创建人编号', 'int(11)', 'Long', 'creatorId', '0', '0', null, '1', '1', '1', null, 'EQ', 'input', '', '7', 'admin', '2021-01-19 09:18:40', '', '2021-01-19 14:40:35');
INSERT INTO `gen_table_column` VALUES ('22', '2', 'creator_name', '创建人姓名', 'varchar(30)', 'String', 'creatorName', '0', '0', null, '1', '1', '1', null, 'LIKE', 'input', '', '8', 'admin', '2021-01-19 09:18:40', '', '2021-01-19 14:40:35');
INSERT INTO `gen_table_column` VALUES ('23', '2', 'create_date', '创建日期', 'datetime', 'Date', 'createDate', '0', '0', null, '1', '1', '1', '1', 'EQ', 'datetime', '', '9', 'admin', '2021-01-19 09:18:40', '', '2021-01-19 14:40:35');
INSERT INTO `gen_table_column` VALUES ('24', '2', 'data_level', '数据级别', 'tinyint(4)', 'Integer', 'dataLevel', '0', '0', null, '1', '1', '1', null, 'EQ', 'select', 'data_level', '10', 'admin', '2021-01-19 09:18:40', '', '2021-01-19 14:40:35');
INSERT INTO `gen_table_column` VALUES ('25', '2', 'order_no', '排序号', 'double', 'Long', 'orderNo', '0', '0', null, '1', '1', '1', null, 'EQ', 'input', '', '11', 'admin', '2021-01-19 09:18:40', '', '2021-01-19 14:40:35');
INSERT INTO `gen_table_column` VALUES ('26', '2', 'database_name', '数据库名称', 'varchar(30)', 'String', 'databaseName', '0', '0', null, '1', '1', '1', '1', 'LIKE', 'input', '', '12', 'admin', '2021-01-19 09:18:40', '', '2021-01-19 14:40:35');
INSERT INTO `gen_table_column` VALUES ('27', '2', 'ip_port', '连接端口', 'int(11)', 'Long', 'ipPort', '0', '0', '1', '1', '1', '1', null, 'EQ', 'input', '', '13', 'admin', '2021-01-19 09:18:40', '', '2021-01-19 14:40:35');

-- ----------------------------
-- Table structure for group_capacity
-- ----------------------------
DROP TABLE IF EXISTS `group_capacity`;
CREATE TABLE `group_capacity` (
  `id` bigint(20) unsigned NOT NULL AUTO_INCREMENT COMMENT '主键ID',
  `group_id` varchar(128) COLLATE utf8_bin NOT NULL DEFAULT '' COMMENT 'Group ID，空字符表示整个集群',
  `quota` int(10) unsigned NOT NULL DEFAULT '0' COMMENT '配额，0表示使用默认值',
  `usage` int(10) unsigned NOT NULL DEFAULT '0' COMMENT '使用量',
  `max_size` int(10) unsigned NOT NULL DEFAULT '0' COMMENT '单个配置大小上限，单位为字节，0表示使用默认值',
  `max_aggr_count` int(10) unsigned NOT NULL DEFAULT '0' COMMENT '聚合子配置最大个数，，0表示使用默认值',
  `max_aggr_size` int(10) unsigned NOT NULL DEFAULT '0' COMMENT '单个聚合数据的子配置大小上限，单位为字节，0表示使用默认值',
  `max_history_count` int(10) unsigned NOT NULL DEFAULT '0' COMMENT '最大变更历史数量',
  `gmt_create` datetime NOT NULL DEFAULT CURRENT_TIMESTAMP COMMENT '创建时间',
  `gmt_modified` datetime NOT NULL DEFAULT CURRENT_TIMESTAMP COMMENT '修改时间',
  PRIMARY KEY (`id`),
  UNIQUE KEY `uk_group_id` (`group_id`)
) ENGINE=InnoDB DEFAULT CHARSET=utf8 COLLATE=utf8_bin COMMENT='集群、各Group容量信息表';

-- ----------------------------
-- Records of group_capacity
-- ----------------------------

-- ----------------------------
-- Table structure for his_config_info
-- ----------------------------
DROP TABLE IF EXISTS `his_config_info`;
CREATE TABLE `his_config_info` (
  `id` bigint(64) unsigned NOT NULL,
  `nid` bigint(20) unsigned NOT NULL AUTO_INCREMENT,
  `data_id` varchar(255) COLLATE utf8_bin NOT NULL,
  `group_id` varchar(128) COLLATE utf8_bin NOT NULL,
  `app_name` varchar(128) COLLATE utf8_bin DEFAULT NULL COMMENT 'app_name',
  `content` longtext COLLATE utf8_bin NOT NULL,
  `md5` varchar(32) COLLATE utf8_bin DEFAULT NULL,
  `gmt_create` datetime NOT NULL DEFAULT CURRENT_TIMESTAMP,
  `gmt_modified` datetime NOT NULL DEFAULT CURRENT_TIMESTAMP,
  `src_user` text COLLATE utf8_bin,
  `src_ip` varchar(20) COLLATE utf8_bin DEFAULT NULL,
  `op_type` char(10) COLLATE utf8_bin DEFAULT NULL,
  `tenant_id` varchar(128) COLLATE utf8_bin DEFAULT '' COMMENT '租户字段',
  PRIMARY KEY (`nid`),
  KEY `idx_gmt_create` (`gmt_create`),
  KEY `idx_gmt_modified` (`gmt_modified`),
  KEY `idx_did` (`data_id`)
) ENGINE=InnoDB AUTO_INCREMENT=51 DEFAULT CHARSET=utf8 COLLATE=utf8_bin COMMENT='多租户改造';

-- ----------------------------
-- Records of his_config_info
-- ----------------------------
INSERT INTO `his_config_info` VALUES ('1', '1', 'application-dev.yml', 'DEFAULT_GROUP', '', 0x737072696E673A0A20206D61696E3A0A20202020616C6C6F772D6265616E2D646566696E6974696F6E2D6F766572726964696E673A20747275650A20206175746F636F6E6669677572653A0A202020206578636C7564653A20636F6D2E616C69626162612E64727569642E737072696E672E626F6F742E6175746F636F6E6669677572652E447275696444617461536F757263654175746F436F6E6669677572650A0A23E8AFB7E6B182E5A484E79086E79A84E8B685E697B6E697B6E997B40A726962626F6E3A0A20205265616454696D656F75743A2031303030300A2020436F6E6E65637454696D656F75743A2031303030300A0A2320666569676E20E9858DE7BDAE0A666569676E3A0A202073656E74696E656C3A0A20202020656E61626C65643A20747275650A20206F6B687474703A0A20202020656E61626C65643A20747275650A202068747470636C69656E743A0A20202020656E61626C65643A2066616C73650A2020636C69656E743A0A20202020636F6E6669673A0A20202020202064656661756C743A0A2020202020202020636F6E6E65637454696D656F75743A2031303030300A20202020202020207265616454696D656F75743A2031303030300A2020636F6D7072657373696F6E3A0A20202020726571756573743A0A202020202020656E61626C65643A20747275650A20202020726573706F6E73653A0A202020202020656E61626C65643A20747275650A0A2320E69AB4E99CB2E79B91E68EA7E7ABAFE782B90A6D616E6167656D656E743A0A2020656E64706F696E74733A0A202020207765623A0A2020202020206578706F737572653A0A2020202020202020696E636C7564653A20272A270A, 'c07e6f7321493f6d5390d0a08bffb75a', '2021-01-17 16:55:03', '2021-01-17 16:55:03', null, '0:0:0:0:0:0:0:1', 'U', '');
INSERT INTO `his_config_info` VALUES ('2', '2', 'ruoyi-gateway-dev.yml', 'DEFAULT_GROUP', '', 0x737072696E673A0D0A202072656469733A0D0A20202020686F73743A206C6F63616C686F73740D0A20202020706F72743A20363337390D0A2020202070617373776F72643A200D0A2020636C6F75643A0D0A20202020676174657761793A0D0A202020202020646973636F766572793A0D0A20202020202020206C6F6361746F723A0D0A202020202020202020206C6F776572436173655365727669636549643A20747275650D0A20202020202020202020656E61626C65643A20747275650D0A202020202020726F757465733A0D0A20202020202020202320E8AEA4E8AF81E4B8ADE5BF830D0A20202020202020202D2069643A2072756F79692D617574680D0A202020202020202020207572693A206C623A2F2F72756F79692D617574680D0A20202020202020202020707265646963617465733A0D0A2020202020202020202020202D20506174683D2F617574682F2A2A0D0A2020202020202020202066696C746572733A0D0A2020202020202020202020202320E9AA8CE8AF81E7A081E5A484E790860D0A2020202020202020202020202D2043616368655265717565737446696C7465720D0A2020202020202020202020202D2056616C6964617465436F646546696C7465720D0A2020202020202020202020202D2053747269705072656669783D310D0A20202020202020202320E4BBA3E7A081E7949FE688900D0A20202020202020202D2069643A2072756F79692D67656E0D0A202020202020202020207572693A206C623A2F2F72756F79692D67656E0D0A20202020202020202020707265646963617465733A0D0A2020202020202020202020202D20506174683D2F636F64652F2A2A0D0A2020202020202020202066696C746572733A0D0A2020202020202020202020202D2053747269705072656669783D310D0A20202020202020202320E5AE9AE697B6E4BBBBE58AA10D0A20202020202020202D2069643A2072756F79692D746573740D0A202020202020202020207572693A206C623A2F2F72756F79692D746573740D0A20202020202020202020707265646963617465733A0D0A2020202020202020202020202D20506174683D2F7363686564756C652F2A2A0D0A2020202020202020202066696C746572733A0D0A2020202020202020202020202D2053747269705072656669783D310D0A20202020202020202320E7B3BBE7BB9FE6A8A1E59D970D0A20202020202020202D2069643A2072756F79692D73797374656D0D0A202020202020202020207572693A206C623A2F2F72756F79692D73797374656D0D0A20202020202020202020707265646963617465733A0D0A2020202020202020202020202D20506174683D2F73797374656D2F2A2A0D0A2020202020202020202066696C746572733A0D0A2020202020202020202020202D2053747269705072656669783D310D0A20202020202020202320E69687E4BBB6E69C8DE58AA10D0A20202020202020202D2069643A2072756F79692D66696C650D0A202020202020202020207572693A206C623A2F2F72756F79692D66696C650D0A20202020202020202020707265646963617465733A0D0A2020202020202020202020202D20506174683D2F66696C652F2A2A0D0A2020202020202020202066696C746572733A0D0A2020202020202020202020202D2053747269705072656669783D310D0A0D0A2320E4B88DE6A0A1E9AA8CE799BDE5908DE58D950D0A69676E6F72653A0D0A20207768697465733A0D0A202020202D202F617574682F6C6F676F75740D0A202020202D202F617574682F6C6F67696E0D0A202020202D202F2A2F76322F6170692D646F63730D0A202020202D202F637372660D0A, '06271ae1890324cedc7b040f4fbb50bd', '2021-01-17 16:56:47', '2021-01-17 16:56:47', null, '0:0:0:0:0:0:0:1', 'U', '');
INSERT INTO `his_config_info` VALUES ('3', '3', 'ruoyi-auth-dev.yml', 'DEFAULT_GROUP', '', 0x737072696E673A200D0A202064617461736F757263653A0D0A202020206472697665722D636C6173732D6E616D653A20636F6D2E6D7973716C2E636A2E6A6462632E4472697665720D0A2020202075726C3A206A6462633A6D7973716C3A2F2F6C6F63616C686F73743A333330362F72792D636C6F75643F757365556E69636F64653D7472756526636861726163746572456E636F64696E673D75746638267A65726F4461746554696D654265686176696F723D636F6E76657274546F4E756C6C2675736553534C3D747275652673657276657254696D657A6F6E653D474D54253242380D0A20202020757365726E616D653A20726F6F740D0A2020202070617373776F72643A2070617373776F72640D0A202072656469733A0D0A20202020686F73743A206C6F63616C686F73740D0A20202020706F72743A20363337390D0A2020202070617373776F72643A200D0A, '868c15010a7a15c027d4c90a48aabb3e', '2021-01-17 16:57:58', '2021-01-17 16:57:59', null, '0:0:0:0:0:0:0:1', 'U', '');
INSERT INTO `his_config_info` VALUES ('2', '4', 'ruoyi-gateway-dev.yml', 'DEFAULT_GROUP', '', 0x737072696E673A0D0A202072656469733A0D0A20202020686F73743A206C6F63616C686F73740D0A20202020706F72743A20363337390D0A2020202070617373776F72643A200D0A2020636C6F75643A0D0A20202020676174657761793A0D0A202020202020646973636F766572793A0D0A20202020202020206C6F6361746F723A0D0A202020202020202020206C6F776572436173655365727669636549643A20747275650D0A20202020202020202020656E61626C65643A20747275650D0A202020202020726F757465733A0D0A20202020202020202320E8AEA4E8AF81E4B8ADE5BF830D0A20202020202020202D2069643A2074636F6973732D617574680D0A202020202020202020207572693A206C623A2F2F74636F6973732D617574680D0A20202020202020202020707265646963617465733A0D0A2020202020202020202020202D20506174683D2F617574682F2A2A0D0A2020202020202020202066696C746572733A0D0A2020202020202020202020202320E9AA8CE8AF81E7A081E5A484E790860D0A2020202020202020202020202D2043616368655265717565737446696C7465720D0A2020202020202020202020202D2056616C6964617465436F646546696C7465720D0A2020202020202020202020202D2053747269705072656669783D310D0A20202020202020202320E4BBA3E7A081E7949FE688900D0A20202020202020202D2069643A2074636F6973732D67656E0D0A202020202020202020207572693A206C623A2F2F74636F6973732D67656E0D0A20202020202020202020707265646963617465733A0D0A2020202020202020202020202D20506174683D2F636F64652F2A2A0D0A2020202020202020202066696C746572733A0D0A2020202020202020202020202D2053747269705072656669783D310D0A20202020202020202320E7B3BBE7BB9FE6A8A1E59D970D0A20202020202020202D2069643A2074636F6973732D73797374656D0D0A202020202020202020207572693A206C623A2F2F74636F6973732D73797374656D0D0A20202020202020202020707265646963617465733A0D0A2020202020202020202020202D20506174683D2F73797374656D2F2A2A0D0A2020202020202020202066696C746572733A0D0A2020202020202020202020202D2053747269705072656669783D310D0A20202020202020202320E69687E4BBB6E69C8DE58AA10D0A20202020202020202D2069643A2074636F6973732D66696C650D0A202020202020202020207572693A206C623A2F2F74636F6973732D66696C650D0A20202020202020202020707265646963617465733A0D0A2020202020202020202020202D20506174683D2F66696C652F2A2A0D0A2020202020202020202066696C746572733A0D0A2020202020202020202020202D2053747269705072656669783D310D0A0D0A2320E4B88DE6A0A1E9AA8CE799BDE5908DE58D950D0A69676E6F72653A0D0A20207768697465733A0D0A202020202D202F617574682F6C6F676F75740D0A202020202D202F617574682F6C6F67696E0D0A202020202D202F2A2F76322F6170692D646F63730D0A202020202D202F637372660D0A, 'c2ebd0a18a9627a1e2d8890445c18257', '2021-01-17 16:59:49', '2021-01-17 16:59:49', null, '0:0:0:0:0:0:0:1', 'U', '');
INSERT INTO `his_config_info` VALUES ('4', '5', 'ruoyi-monitor-dev.yml', 'DEFAULT_GROUP', '', 0x2320737072696E670D0A737072696E673A200D0A202073656375726974793A0D0A20202020757365723A0D0A2020202020206E616D653A2072756F79690D0A20202020202070617373776F72643A203132333435360D0A2020626F6F743A0D0A2020202061646D696E3A0D0A20202020202075693A0D0A20202020202020207469746C653A20E88BA5E4BE9DE69C8DE58AA1E78AB6E68081E79B91E68EA70D0A, 'd8997d0707a2fd5d9fc4e8409da38129', '2021-01-17 17:00:34', '2021-01-17 17:00:34', null, '0:0:0:0:0:0:0:1', 'U', '');
INSERT INTO `his_config_info` VALUES ('2', '6', 'ruoyi-gateway-dev.yml', 'DEFAULT_GROUP', '', 0x737072696E673A0D0A202072656469733A0D0A20202020686F73743A206C6F63616C686F73740D0A20202020706F72743A20363337390D0A2020202070617373776F72643A203132333435360D0A2020636C6F75643A0D0A20202020676174657761793A0D0A202020202020646973636F766572793A0D0A20202020202020206C6F6361746F723A0D0A202020202020202020206C6F776572436173655365727669636549643A20747275650D0A20202020202020202020656E61626C65643A20747275650D0A202020202020726F757465733A0D0A20202020202020202320E8AEA4E8AF81E4B8ADE5BF830D0A20202020202020202D2069643A2074636F6973732D617574680D0A202020202020202020207572693A206C623A2F2F74636F6973732D617574680D0A20202020202020202020707265646963617465733A0D0A2020202020202020202020202D20506174683D2F617574682F2A2A0D0A2020202020202020202066696C746572733A0D0A2020202020202020202020202320E9AA8CE8AF81E7A081E5A484E790860D0A2020202020202020202020202D2043616368655265717565737446696C7465720D0A2020202020202020202020202D2056616C6964617465436F646546696C7465720D0A2020202020202020202020202D2053747269705072656669783D310D0A20202020202020202320E4BBA3E7A081E7949FE688900D0A20202020202020202D2069643A2074636F6973732D67656E0D0A202020202020202020207572693A206C623A2F2F74636F6973732D67656E0D0A20202020202020202020707265646963617465733A0D0A2020202020202020202020202D20506174683D2F636F64652F2A2A0D0A2020202020202020202066696C746572733A0D0A2020202020202020202020202D2053747269705072656669783D310D0A20202020202020202320E7B3BBE7BB9FE6A8A1E59D970D0A20202020202020202D2069643A2074636F6973732D73797374656D0D0A202020202020202020207572693A206C623A2F2F74636F6973732D73797374656D0D0A20202020202020202020707265646963617465733A0D0A2020202020202020202020202D20506174683D2F73797374656D2F2A2A0D0A2020202020202020202066696C746572733A0D0A2020202020202020202020202D2053747269705072656669783D310D0A20202020202020202320E69687E4BBB6E69C8DE58AA10D0A20202020202020202D2069643A2074636F6973732D66696C650D0A202020202020202020207572693A206C623A2F2F74636F6973732D66696C650D0A20202020202020202020707265646963617465733A0D0A2020202020202020202020202D20506174683D2F66696C652F2A2A0D0A2020202020202020202066696C746572733A0D0A2020202020202020202020202D2053747269705072656669783D310D0A0D0A2320E4B88DE6A0A1E9AA8CE799BDE5908DE58D950D0A69676E6F72653A0D0A20207768697465733A0D0A202020202D202F617574682F6C6F676F75740D0A202020202D202F617574682F6C6F67696E0D0A202020202D202F2A2F76322F6170692D646F63730D0A202020202D202F637372660D0A, '19e8c2bad0427f23d6eece1ec55aff77', '2021-01-17 17:04:33', '2021-01-17 17:04:34', null, '0:0:0:0:0:0:0:1', 'D', '');
INSERT INTO `his_config_info` VALUES ('3', '7', 'ruoyi-auth-dev.yml', 'DEFAULT_GROUP', '', 0x737072696E673A200D0A202064617461736F757263653A0D0A202020206472697665722D636C6173732D6E616D653A20636F6D2E6D7973716C2E636A2E6A6462632E4472697665720D0A2020202075726C3A206A6462633A6D7973716C3A2F2F6C6F63616C686F73743A333330362F73705F73797374656D3F757365556E69636F64653D7472756526636861726163746572456E636F64696E673D75746638267A65726F4461746554696D654265686176696F723D636F6E76657274546F4E756C6C2675736553534C3D747275652673657276657254696D657A6F6E653D474D54253242380D0A20202020757365726E616D653A20726F6F740D0A2020202070617373776F72643A203132333435360D0A202072656469733A0D0A20202020686F73743A206C6F63616C686F73740D0A20202020706F72743A20363337390D0A2020202070617373776F72643A203132333435360D0A, 'c0b2f15f60510e1bff2b8d3e464fe2ea', '2021-01-17 17:04:37', '2021-01-17 17:04:38', null, '0:0:0:0:0:0:0:1', 'D', '');
INSERT INTO `his_config_info` VALUES ('4', '8', 'ruoyi-monitor-dev.yml', 'DEFAULT_GROUP', '', 0x2320737072696E670D0A737072696E673A200D0A202073656375726974793A0D0A20202020757365723A0D0A2020202020206E616D653A2072756F79690D0A20202020202070617373776F72643A203132333435360D0A2020626F6F743A0D0A2020202061646D696E3A0D0A20202020202075693A0D0A20202020202020207469746C653A20E69C8DE58AA1E78AB6E68081E79B91E68EA70D0A, 'd2caeac9c8eff24f0ff61e78ea6be289', '2021-01-17 17:04:40', '2021-01-17 17:04:41', null, '0:0:0:0:0:0:0:1', 'D', '');
INSERT INTO `his_config_info` VALUES ('5', '9', 'ruoyi-system-dev.yml', 'DEFAULT_GROUP', '', 0x2320737072696E67E9858DE7BDAE0D0A737072696E673A200D0A202072656469733A0D0A20202020686F73743A206C6F63616C686F73740D0A20202020706F72743A20363337390D0A2020202070617373776F72643A200D0A202064617461736F757263653A0D0A2020202064727569643A0D0A202020202020737461742D766965772D736572766C65743A0D0A2020202020202020656E61626C65643A20747275650D0A20202020202020206C6F67696E557365726E616D653A2061646D696E0D0A20202020202020206C6F67696E50617373776F72643A203132333435360D0A2020202064796E616D69633A0D0A20202020202064727569643A0D0A2020202020202020696E697469616C2D73697A653A20350D0A20202020202020206D696E2D69646C653A20350D0A20202020202020206D61784163746976653A2032300D0A20202020202020206D6178576169743A2036303030300D0A202020202020202074696D654265747765656E4576696374696F6E52756E734D696C6C69733A2036303030300D0A20202020202020206D696E457669637461626C6549646C6554696D654D696C6C69733A203330303030300D0A202020202020202076616C69646174696F6E51756572793A2053454C45435420312046524F4D204455414C0D0A2020202020202020746573745768696C6549646C653A20747275650D0A2020202020202020746573744F6E426F72726F773A2066616C73650D0A2020202020202020746573744F6E52657475726E3A2066616C73650D0A2020202020202020706F6F6C507265706172656453746174656D656E74733A20747275650D0A20202020202020206D6178506F6F6C507265706172656453746174656D656E74506572436F6E6E656374696F6E53697A653A2032300D0A202020202020202066696C746572733A20737461742C77616C6C2C736C66346A0D0A2020202020202020636F6E6E656374696F6E50726F706572746965733A2064727569642E737461742E6D6572676553716C5C3D747275653B64727569642E737461742E736C6F7753716C4D696C6C69735C3D353030300D0A20202020202064617461736F757263653A0D0A202020202020202020202320E4B8BBE5BA93E695B0E68DAEE6BA900D0A202020202020202020206D61737465723A0D0A2020202020202020202020206472697665722D636C6173732D6E616D653A20636F6D2E6D7973716C2E636A2E6A6462632E4472697665720D0A20202020202020202020202075726C3A206A6462633A6D7973716C3A2F2F6C6F63616C686F73743A333330362F72792D636C6F75643F757365556E69636F64653D7472756526636861726163746572456E636F64696E673D75746638267A65726F4461746554696D654265686176696F723D636F6E76657274546F4E756C6C2675736553534C3D747275652673657276657254696D657A6F6E653D474D54253242380D0A202020202020202020202020757365726E616D653A20726F6F740D0A20202020202020202020202070617373776F72643A2070617373776F72640D0A202020202020202020202320E4BB8EE5BA93E695B0E68DAEE6BA900D0A202020202020202020202320736C6176653A0D0A202020202020202020202020232075726C3A200D0A2020202020202020202020202320757365726E616D653A200D0A202020202020202020202020232070617373776F72643A200D0A20202020202020202020202023206472697665722D636C6173732D6E616D653A200D0A0D0A23206D796261746973E9858DE7BDAE0D0A6D7962617469733A0D0A202020202320E6909CE7B4A2E68C87E5AE9AE58C85E588ABE5908D0D0A2020202074797065416C69617365735061636B6167653A20636F6D2E72756F79692E73797374656D0D0A202020202320E9858DE7BDAE6D6170706572E79A84E689ABE68F8FEFBC8CE689BEE588B0E68980E69C89E79A846D61707065722E786D6CE698A0E5B084E69687E4BBB60D0A202020206D61707065724C6F636174696F6E733A20636C617373706174683A6D61707065722F2A2A2F2A2E786D6C0D0A0D0A232073776167676572E9858DE7BDAE0D0A737761676765723A0D0A20207469746C653A20E7B3BBE7BB9FE6A8A1E59D97E68EA5E58FA3E69687E6A1A30D0A20206C6963656E73653A20506F77657265642042792072756F79690D0A20206C6963656E736555726C3A2068747470733A2F2F72756F79692E7669700D0A2020617574686F72697A6174696F6E3A0D0A202020206E616D653A2052756F5969204F417574680D0A20202020617574682D72656765783A205E2E2A240D0A20202020617574686F72697A6174696F6E2D73636F70652D6C6973743A0D0A2020202020202D2073636F70653A207365727665720D0A20202020202020206465736372697074696F6E3A20E5AEA2E688B7E7ABAFE68E88E69D83E88C83E59BB40D0A20202020746F6B656E2D75726C2D6C6973743A0D0A2020202020202D20687474703A2F2F6C6F63616C686F73743A383038302F617574682F6F617574682F746F6B656E0D0A, 'c8eede0126999265ffb465a21502add7', '2021-01-17 17:04:45', '2021-01-17 17:04:45', null, '0:0:0:0:0:0:0:1', 'D', '');
INSERT INTO `his_config_info` VALUES ('6', '10', 'ruoyi-gen-dev.yml', 'DEFAULT_GROUP', '', 0x2320737072696E67E9858DE7BDAE0D0A737072696E673A200D0A202072656469733A0D0A20202020686F73743A206C6F63616C686F73740D0A20202020706F72743A20363337390D0A2020202070617373776F72643A200D0A202064617461736F757263653A200D0A202020206472697665722D636C6173732D6E616D653A20636F6D2E6D7973716C2E636A2E6A6462632E4472697665720D0A2020202075726C3A206A6462633A6D7973716C3A2F2F6C6F63616C686F73743A333330362F72792D636C6F75643F757365556E69636F64653D7472756526636861726163746572456E636F64696E673D75746638267A65726F4461746554696D654265686176696F723D636F6E76657274546F4E756C6C2675736553534C3D747275652673657276657254696D657A6F6E653D474D54253242380D0A20202020757365726E616D653A20726F6F740D0A2020202070617373776F72643A2070617373776F72640D0A0D0A23206D796261746973E9858DE7BDAE0D0A6D7962617469733A0D0A202020202320E6909CE7B4A2E68C87E5AE9AE58C85E588ABE5908D0D0A2020202074797065416C69617365735061636B6167653A20636F6D2E72756F79692E67656E2E646F6D61696E0D0A202020202320E9858DE7BDAE6D6170706572E79A84E689ABE68F8FEFBC8CE689BEE588B0E68980E69C89E79A846D61707065722E786D6CE698A0E5B084E69687E4BBB60D0A202020206D61707065724C6F636174696F6E733A20636C617373706174683A6D61707065722F2A2A2F2A2E786D6C0D0A0D0A232073776167676572E9858DE7BDAE0D0A737761676765723A0D0A20207469746C653A20E4BBA3E7A081E7949FE68890E68EA5E58FA3E69687E6A1A30D0A20206C6963656E73653A20506F77657265642042792072756F79690D0A20206C6963656E736555726C3A2068747470733A2F2F72756F79692E7669700D0A2020617574686F72697A6174696F6E3A0D0A202020206E616D653A2052756F5969204F417574680D0A20202020617574682D72656765783A205E2E2A240D0A20202020617574686F72697A6174696F6E2D73636F70652D6C6973743A0D0A2020202020202D2073636F70653A207365727665720D0A20202020202020206465736372697074696F6E3A20E5AEA2E688B7E7ABAFE68E88E69D83E88C83E59BB40D0A20202020746F6B656E2D75726C2D6C6973743A0D0A2020202020202D20687474703A2F2F6C6F63616C686F73743A383038302F617574682F6F617574682F746F6B656E0D0A0D0A2320E4BBA3E7A081E7949FE688900D0A67656E3A200D0A20202320E4BD9CE880850D0A2020617574686F723A2072756F79690D0A20202320E9BB98E8AEA4E7949FE68890E58C85E8B7AFE5BE842073797374656D20E99C80E694B9E68890E887AAE5B7B1E79A84E6A8A1E59D97E5908DE7A7B020E5A6822073797374656D206D6F6E69746F7220746F6F6C0D0A20207061636B6167654E616D653A20636F6D2E72756F79692E73797374656D0D0A20202320E887AAE58AA8E58EBBE999A4E8A1A8E5898DE7BC80EFBC8CE9BB98E8AEA4E698AF66616C73650D0A20206175746F52656D6F76655072653A2066616C73650D0A20202320E8A1A8E5898DE7BC80EFBC88E7949FE68890E7B1BBE5908DE4B88DE4BC9AE58C85E590ABE8A1A8E5898DE7BC80EFBC8CE5A49AE4B8AAE794A8E98097E58FB7E58886E99A94EFBC890D0A20207461626C655072656669783A207379735F0D0A, '5554d54c838876bf2372934c0631aa1b', '2021-01-17 17:04:48', '2021-01-17 17:04:48', null, '0:0:0:0:0:0:0:1', 'D', '');
INSERT INTO `his_config_info` VALUES ('7', '11', 'ruoyi-test-dev.yml', 'DEFAULT_GROUP', '', 0x2320737072696E67E9858DE7BDAE0D0A737072696E673A200D0A202072656469733A0D0A20202020686F73743A206C6F63616C686F73740D0A20202020706F72743A20363337390D0A2020202070617373776F72643A200D0A202064617461736F757263653A0D0A202020206472697665722D636C6173732D6E616D653A20636F6D2E6D7973716C2E636A2E6A6462632E4472697665720D0A2020202075726C3A206A6462633A6D7973716C3A2F2F6C6F63616C686F73743A333330362F72792D636C6F75643F757365556E69636F64653D7472756526636861726163746572456E636F64696E673D75746638267A65726F4461746554696D654265686176696F723D636F6E76657274546F4E756C6C2675736553534C3D747275652673657276657254696D657A6F6E653D474D54253242380D0A20202020757365726E616D653A20726F6F740D0A2020202070617373776F72643A2070617373776F72640D0A0D0A23206D796261746973E9858DE7BDAE0D0A6D7962617469733A0D0A202020202320E6909CE7B4A2E68C87E5AE9AE58C85E588ABE5908D0D0A2020202074797065416C69617365735061636B6167653A20636F6D2E72756F79692E74657374742E646F6D61696E0D0A202020202320E9858DE7BDAE6D6170706572E79A84E689ABE68F8FEFBC8CE689BEE588B0E68980E69C89E79A846D61707065722E786D6CE698A0E5B084E69687E4BBB60D0A202020206D61707065724C6F636174696F6E733A20636C617373706174683A6D61707065722F2A2A2F2A2E786D6C0D0A0D0A232073776167676572E9858DE7BDAE0D0A737761676765723A0D0A20207469746C653A20E5AE9AE697B6E4BBBBE58AA1E68EA5E58FA3E69687E6A1A30D0A20206C6963656E73653A20506F77657265642042792072756F79690D0A20206C6963656E736555726C3A2068747470733A2F2F72756F79692E7669700D0A2020617574686F72697A6174696F6E3A0D0A202020206E616D653A2052756F5969204F417574680D0A20202020617574682D72656765783A205E2E2A240D0A20202020617574686F72697A6174696F6E2D73636F70652D6C6973743A0D0A2020202020202D2073636F70653A207365727665720D0A20202020202020206465736372697074696F6E3A20E5AEA2E688B7E7ABAFE68E88E69D83E88C83E59BB40D0A20202020746F6B656E2D75726C2D6C6973743A0D0A2020202020202D20687474703A2F2F6C6F63616C686F73743A383038302F617574682F6F617574682F746F6B656E0D0A, '73bbd57b6d133c6c1fc659cba4169555', '2021-01-17 17:04:51', '2021-01-17 17:04:51', null, '0:0:0:0:0:0:0:1', 'D', '');
INSERT INTO `his_config_info` VALUES ('8', '12', 'ruoyi-file-dev.yml', 'DEFAULT_GROUP', '', 0x2320E69CACE59CB0E69687E4BBB6E4B88AE4BCA0202020200D0A66696C653A0D0A20202020646F6D61696E3A20687474703A2F2F3132372E302E302E313A393330300D0A20202020706174683A20443A2F72756F79692F75706C6F6164506174680D0A202020207072656669783A202F737461746963730D0A0D0A232046617374444653E9858DE7BDAE0D0A666466733A0D0A2020646F6D61696E3A20687474703A2F2F382E3132392E3233312E31320D0A2020736F54696D656F75743A20333030300D0A2020636F6E6E65637454696D656F75743A20323030300D0A2020747261636B65724C6973743A20382E3132392E3233312E31323A32323132320D0A0D0A23204D696E696FE9858DE7BDAE0D0A6D696E696F3A0D0A202075726C3A20687474703A2F2F382E3132392E3233312E31323A393030300D0A20206163636573734B65793A206D696E696F61646D696E0D0A20207365637265744B65793A206D696E696F61646D696E0D0A20206275636B65744E616D653A2074657374, '5382b93f3d8059d6068c0501fdd41195', '2021-01-17 17:04:54', '2021-01-17 17:04:54', null, '0:0:0:0:0:0:0:1', 'D', '');
INSERT INTO `his_config_info` VALUES ('9', '13', 'sentinel-ruoyi-gateway', 'DEFAULT_GROUP', '', 0x5B0D0A202020207B0D0A2020202020202020227265736F75726365223A202272756F79692D61757468222C0D0A202020202020202022636F756E74223A203530302C0D0A2020202020202020226772616465223A20312C0D0A2020202020202020226C696D6974417070223A202264656661756C74222C0D0A2020202020202020227374726174656779223A20302C0D0A202020202020202022636F6E74726F6C4265686176696F72223A20300D0A202020207D2C0D0A097B0D0A2020202020202020227265736F75726365223A202272756F79692D73797374656D222C0D0A202020202020202022636F756E74223A20313030302C0D0A2020202020202020226772616465223A20312C0D0A2020202020202020226C696D6974417070223A202264656661756C74222C0D0A2020202020202020227374726174656779223A20302C0D0A202020202020202022636F6E74726F6C4265686176696F72223A20300D0A202020207D2C0D0A097B0D0A2020202020202020227265736F75726365223A202272756F79692D67656E222C0D0A202020202020202022636F756E74223A203230302C0D0A2020202020202020226772616465223A20312C0D0A2020202020202020226C696D6974417070223A202264656661756C74222C0D0A2020202020202020227374726174656779223A20302C0D0A202020202020202022636F6E74726F6C4265686176696F72223A20300D0A202020207D2C0D0A097B0D0A2020202020202020227265736F75726365223A202272756F79692D74657374222C0D0A202020202020202022636F756E74223A203330302C0D0A2020202020202020226772616465223A20312C0D0A2020202020202020226C696D6974417070223A202264656661756C74222C0D0A2020202020202020227374726174656779223A20302C0D0A202020202020202022636F6E74726F6C4265686176696F72223A20300D0A202020207D0D0A5D, '053406cfe4f97128f1ee64711bdb879a', '2021-01-17 17:04:57', '2021-01-17 17:04:58', null, '0:0:0:0:0:0:0:1', 'D', '');
INSERT INTO `his_config_info` VALUES ('0', '14', 'business-application-dev.yml', 'DEFAULT_GROUP', '', 0x23E8AFB7E6B182E5A484E79086E79A84E8B685E697B6E697B6E997B40D0A726962626F6E3A0D0A20205265616454696D656F75743A2031303030300D0A2020436F6E6E65637454696D656F75743A2031303030300D0A0D0A2320666569676E20E9858DE7BDAE0D0A666569676E3A0D0A202073656E74696E656C3A0D0A20202020656E61626C65643A20747275650D0A20206F6B687474703A0D0A20202020656E61626C65643A20747275650D0A202068747470636C69656E743A0D0A20202020656E61626C65643A2066616C73650D0A2020636C69656E743A0D0A20202020636F6E6669673A0D0A20202020202064656661756C743A0D0A2020202020202020636F6E6E65637454696D656F75743A2031303030300D0A20202020202020207265616454696D656F75743A2031303030300D0A2020636F6D7072657373696F6E3A0D0A20202020726571756573743A0D0A202020202020656E61626C65643A20747275650D0A20202020726573706F6E73653A0D0A202020202020656E61626C65643A20747275650D0A0D0A2320E69AB4E99CB2E79B91E68EA7E7ABAFE782B90D0A6D616E6167656D656E743A0D0A2020656E64706F696E74733A0D0A202020207765623A0D0A2020202020206578706F737572653A0D0A2020202020202020696E636C7564653A20272A270D0A0D0A2320E8AEA4E8AF81E9858DE7BDAE0D0A73656375726974793A0D0A20206F61757468323A0D0A20202020636C69656E743A0D0A202020202020636C69656E742D69643A2074636F6973730D0A202020202020636C69656E742D7365637265743A203132333435360D0A20202020202073636F70653A207365727665720D0A202020207265736F757263653A0D0A2020202020206C6F616442616C616E6365643A20747275650D0A202020202020746F6B656E2D696E666F2D7572693A20687474703A2F2F72756F79692D617574682F6F617574682F636865636B5F746F6B656E0D0A2020202069676E6F72653A0D0A20202020202075726C733A0D0A20202020202020202D202F76322F6170692D646F63730D0A20202020202020202D202F6163747561746F722F2A2A0D0A20202020202020202D202F757365722F696E666F2F2A0D0A20202020202020202D202F6F7065726C6F670D0A20202020202020202D202F6C6F67696E696E666F720D0A20202020202020202D202F746573740D0A, 'e3d6036de07f1f50ac6cdc22ad07b1de', '2021-01-17 17:31:19', '2021-01-17 17:31:19', null, '0:0:0:0:0:0:0:1', 'I', '');
INSERT INTO `his_config_info` VALUES ('1', '15', 'application-dev.yml', 'DEFAULT_GROUP', '', 0x737072696E673A0A20206D61696E3A0A20202020616C6C6F772D6265616E2D646566696E6974696F6E2D6F766572726964696E673A20747275650A20206175746F636F6E6669677572653A0A202020206578636C7564653A20636F6D2E616C69626162612E64727569642E737072696E672E626F6F742E6175746F636F6E6669677572652E447275696444617461536F757263654175746F436F6E6669677572650A0A23E8AFB7E6B182E5A484E79086E79A84E8B685E697B6E697B6E997B40A726962626F6E3A0A20205265616454696D656F75743A2031303030300A2020436F6E6E65637454696D656F75743A2031303030300A0A2320666569676E20E9858DE7BDAE0A666569676E3A0A202073656E74696E656C3A0A20202020656E61626C65643A20747275650A20206F6B687474703A0A20202020656E61626C65643A20747275650A202068747470636C69656E743A0A20202020656E61626C65643A2066616C73650A2020636C69656E743A0A20202020636F6E6669673A0A20202020202064656661756C743A0A2020202020202020636F6E6E65637454696D656F75743A2031303030300A20202020202020207265616454696D656F75743A2031303030300A2020636F6D7072657373696F6E3A0A20202020726571756573743A0A202020202020656E61626C65643A20747275650A20202020726573706F6E73653A0A202020202020656E61626C65643A20747275650A0A2320E69AB4E99CB2E79B91E68EA7E7ABAFE782B90A6D616E6167656D656E743A0A2020656E64706F696E74733A0A202020207765623A0A2020202020206578706F737572653A0A2020202020202020696E636C7564653A20272A270A0A, '7a3ec4f3a9ab2fcbd6bc0692f8bffbf9', '2021-01-17 17:33:00', '2021-01-17 17:33:01', null, '0:0:0:0:0:0:0:1', 'U', '');
INSERT INTO `his_config_info` VALUES ('0', '16', 'tcoiss-gateway-dev.yml', 'DEFAULT_GROUP', '', 0x6364, '6865aeb3a9ed28f9a79ec454b259e5d0', '2021-01-17 17:34:56', '2021-01-17 17:34:56', null, '0:0:0:0:0:0:0:1', 'I', '');
INSERT INTO `his_config_info` VALUES ('15', '17', 'business-application-dev.yml', 'DEFAULT_GROUP', '', 0x23E8AFB7E6B182E5A484E79086E79A84E8B685E697B6E697B6E997B40D0A726962626F6E3A0D0A20205265616454696D656F75743A2031303030300D0A2020436F6E6E65637454696D656F75743A2031303030300D0A0D0A2320666569676E20E9858DE7BDAE0D0A666569676E3A0D0A202073656E74696E656C3A0D0A20202020656E61626C65643A20747275650D0A20206F6B687474703A0D0A20202020656E61626C65643A20747275650D0A202068747470636C69656E743A0D0A20202020656E61626C65643A2066616C73650D0A2020636C69656E743A0D0A20202020636F6E6669673A0D0A20202020202064656661756C743A0D0A2020202020202020636F6E6E65637454696D656F75743A2031303030300D0A20202020202020207265616454696D656F75743A2031303030300D0A2020636F6D7072657373696F6E3A0D0A20202020726571756573743A0D0A202020202020656E61626C65643A20747275650D0A20202020726573706F6E73653A0D0A202020202020656E61626C65643A20747275650D0A0D0A2320E69AB4E99CB2E79B91E68EA7E7ABAFE782B90D0A6D616E6167656D656E743A0D0A2020656E64706F696E74733A0D0A202020207765623A0D0A2020202020206578706F737572653A0D0A2020202020202020696E636C7564653A20272A270D0A0D0A2320E8AEA4E8AF81E9858DE7BDAE0D0A73656375726974793A0D0A20206F61757468323A0D0A20202020636C69656E743A0D0A202020202020636C69656E742D69643A2074636F6973730D0A202020202020636C69656E742D7365637265743A203132333435360D0A20202020202073636F70653A207365727665720D0A202020207265736F757263653A0D0A2020202020206C6F616442616C616E6365643A20747275650D0A202020202020746F6B656E2D696E666F2D7572693A20687474703A2F2F72756F79692D617574682F6F617574682F636865636B5F746F6B656E0D0A2020202069676E6F72653A0D0A20202020202075726C733A0D0A20202020202020202D202F76322F6170692D646F63730D0A20202020202020202D202F6163747561746F722F2A2A0D0A20202020202020202D202F757365722F696E666F2F2A0D0A20202020202020202D202F6F7065726C6F670D0A20202020202020202D202F6C6F67696E696E666F720D0A20202020202020202D202F746573740D0A, 'e3d6036de07f1f50ac6cdc22ad07b1de', '2021-01-17 17:35:38', '2021-01-17 17:35:39', null, '0:0:0:0:0:0:0:1', 'U', '');
INSERT INTO `his_config_info` VALUES ('0', '18', 'tcoiss-auth-dev.yml', 'DEFAULT_GROUP', '', 0x6364, '6865aeb3a9ed28f9a79ec454b259e5d0', '2021-01-17 17:39:05', '2021-01-17 17:39:05', null, '0:0:0:0:0:0:0:1', 'I', '');
INSERT INTO `his_config_info` VALUES ('0', '19', 'tcoiss-gen-dev.yml', 'DEFAULT_GROUP', '', 0x6364, '6865aeb3a9ed28f9a79ec454b259e5d0', '2021-01-17 17:39:35', '2021-01-17 17:39:35', null, '0:0:0:0:0:0:0:1', 'I', '');
INSERT INTO `his_config_info` VALUES ('0', '20', 'tcoiss-system-dev.yml', 'DEFAULT_GROUP', '', 0x6364, '6865aeb3a9ed28f9a79ec454b259e5d0', '2021-01-17 17:41:06', '2021-01-17 17:41:07', null, '0:0:0:0:0:0:0:1', 'I', '');
INSERT INTO `his_config_info` VALUES ('0', '21', 'sentinel-scoiss-gateway', 'DEFAULT_GROUP', '', 0x6364, '6865aeb3a9ed28f9a79ec454b259e5d0', '2021-01-17 17:49:05', '2021-01-17 17:49:06', null, '0:0:0:0:0:0:0:1', 'I', '');
INSERT INTO `his_config_info` VALUES ('15', '22', 'business-application-dev.yml', 'DEFAULT_GROUP', '', 0x23E8AFB7E6B182E5A484E79086E79A84E8B685E697B6E697B6E997B40D0A726962626F6E3A0D0A20205265616454696D656F75743A2031303030300D0A2020436F6E6E65637454696D656F75743A2031303030300D0A0D0A2320666569676E20E9858DE7BDAE0D0A666569676E3A0D0A202073656E74696E656C3A0D0A20202020656E61626C65643A20747275650D0A20206F6B687474703A0D0A20202020656E61626C65643A20747275650D0A202068747470636C69656E743A0D0A20202020656E61626C65643A2066616C73650D0A2020636C69656E743A0D0A20202020636F6E6669673A0D0A20202020202064656661756C743A0D0A2020202020202020636F6E6E65637454696D656F75743A2031303030300D0A20202020202020207265616454696D656F75743A2031303030300D0A2020636F6D7072657373696F6E3A0D0A20202020726571756573743A0D0A202020202020656E61626C65643A20747275650D0A20202020726573706F6E73653A0D0A202020202020656E61626C65643A20747275650D0A0D0A2320E69AB4E99CB2E79B91E68EA7E7ABAFE782B90D0A6D616E6167656D656E743A0D0A2020656E64706F696E74733A0D0A202020207765623A0D0A2020202020206578706F737572653A0D0A2020202020202020696E636C7564653A20272A270D0A0D0A2320E8AEA4E8AF81E9858DE7BDAE0D0A73656375726974793A0D0A20206F61757468323A0D0A20202020636C69656E743A0D0A202020202020636C69656E742D69643A2074636F6973730D0A202020202020636C69656E742D7365637265743A203132333435360D0A20202020202073636F70653A207365727665720D0A202020207265736F757263653A0D0A2020202020206C6F616442616C616E6365643A20747275650D0A202020202020746F6B656E2D696E666F2D7572693A20687474703A2F2F72756F79692D617574682F6F617574682F636865636B5F746F6B656E0D0A2020202069676E6F72653A0D0A20202020202075726C733A0D0A20202020202020202D202F76322F6170692D646F63730D0A20202020202020202D202F6163747561746F722F2A2A0D0A20202020202020202D202F757365722F696E666F2F2A0D0A20202020202020202D202F6F7065726C6F670D0A20202020202020202D202F6C6F67696E696E666F720D0A20202020202020202D202F746573740D0A23737072696E6720E585B1E4BAABE9858DE7BDAE0D0A737072696E673A200D0A202064617461736F757263653A0D0A202020206472697665722D636C6173732D6E616D653A20636F6D2E6D7973716C2E636A2E6A6462632E4472697665720D0A2020202075726C3A206A6462633A6D7973716C3A2F2F6C6F63616C686F73743A333330362F72792D636C6F75643F757365556E69636F64653D7472756526636861726163746572456E636F64696E673D75746638267A65726F4461746554696D654265686176696F723D636F6E76657274546F4E756C6C2675736553534C3D747275652673657276657254696D657A6F6E653D474D54253242380D0A20202020757365726E616D653A20726F6F740D0A2020202070617373776F72643A2070617373776F72640D0A202072656469733A0D0A20202020686F73743A206C6F63616C686F73740D0A20202020706F72743A20363337390D0A2020202070617373776F72643A20313233343536, 'a89fc8cb661d84dd7be1f5e9bc043a2c', '2021-01-17 17:52:35', '2021-01-17 17:52:36', null, '0:0:0:0:0:0:0:1', 'U', '');
INSERT INTO `his_config_info` VALUES ('17', '23', 'tcoiss-gateway-dev.yml', 'DEFAULT_GROUP', '', 0x737072696E673A0D0A202072656469733A0D0A20202020686F73743A206C6F63616C686F73740D0A20202020706F72743A20363337390D0A2020202070617373776F72643A203132333435360D0A2020636C6F75643A0D0A20202020676174657761793A0D0A202020202020646973636F766572793A0D0A20202020202020206C6F6361746F723A0D0A202020202020202020206C6F776572436173655365727669636549643A20747275650D0A20202020202020202020656E61626C65643A20747275650D0A202020202020726F757465733A0D0A20202020202020202320E8AEA4E8AF81E4B8ADE5BF830D0A20202020202020202D2069643A2072756F79692D617574680D0A202020202020202020207572693A206C623A2F2F72756F79692D617574680D0A20202020202020202020707265646963617465733A0D0A2020202020202020202020202D20506174683D2F617574682F2A2A0D0A2020202020202020202066696C746572733A0D0A2020202020202020202020202320E9AA8CE8AF81E7A081E5A484E790860D0A2020202020202020202020202D2043616368655265717565737446696C7465720D0A2020202020202020202020202D2056616C6964617465436F646546696C7465720D0A2020202020202020202020202D2053747269705072656669783D310D0A20202020202020202320E4BBA3E7A081E7949FE688900D0A20202020202020202D2069643A2072756F79692D67656E0D0A202020202020202020207572693A206C623A2F2F72756F79692D67656E0D0A20202020202020202020707265646963617465733A0D0A2020202020202020202020202D20506174683D2F636F64652F2A2A0D0A2020202020202020202066696C746572733A0D0A2020202020202020202020202D2053747269705072656669783D310D0A20202020202020202320E5AE9AE697B6E4BBBBE58AA10D0A20202020202020202D2069643A2072756F79692D6A6F620D0A202020202020202020207572693A206C623A2F2F72756F79692D6A6F620D0A20202020202020202020707265646963617465733A0D0A2020202020202020202020202D20506174683D2F7363686564756C652F2A2A0D0A2020202020202020202066696C746572733A0D0A2020202020202020202020202D2053747269705072656669783D310D0A20202020202020202320E695B0E68DAEE4B8ADE5BF830D0A20202020202020202D2069643A2072756F79692D6462736F757263650D0A202020202020202020207572693A206C623A2F2F72756F79692D6462736F757263650D0A20202020202020202020707265646963617465733A0D0A2020202020202020202020202D20506174683D2F6462736F757263652F2A2A0D0A2020202020202020202066696C746572733A0D0A2020202020202020202020202D2053747269705072656669783D310D0A20202020202020202320E7B3BBE7BB9FE6A8A1E59D970D0A20202020202020202D2069643A2072756F79692D73797374656D0D0A202020202020202020207572693A206C623A2F2F72756F79692D73797374656D0D0A20202020202020202020707265646963617465733A0D0A2020202020202020202020202D20506174683D2F73797374656D2F2A2A0D0A2020202020202020202066696C746572733A0D0A2020202020202020202020202D2053747269705072656669783D310D0A20202020202020202320E69687E4BBB6E69C8DE58AA10D0A20202020202020202D2069643A2072756F79692D66696C650D0A202020202020202020207572693A206C623A2F2F72756F79692D66696C650D0A20202020202020202020707265646963617465733A0D0A2020202020202020202020202D20506174683D2F66696C652F2A2A0D0A2020202020202020202066696C746572733A0D0A2020202020202020202020202D2053747269705072656669783D310D0A20202020202020202320E6B58BE8AF95E69C8DE58AA10D0A20202020202020202D2069643A2072756F79692D746573740D0A202020202020202020207572693A206C623A2F2F72756F79692D746573740D0A20202020202020202020707265646963617465733A0D0A2020202020202020202020202D20506174683D2F746573742F2A2A0D0A2020202020202020202066696C746572733A0D0A2020202020202020202020202D2053747269705072656669783D310D0A0D0A2320E4B88DE6A0A1E9AA8CE799BDE5908DE58D950D0A69676E6F72653A0D0A20207768697465733A0D0A202020202D202F617574682F6C6F676F75740D0A202020202D202F617574682F6C6F67696E0D0A202020202D202F2A2F76322F6170692D646F63730D0A202020202D202F637372660D0A, '5c4ff690314eb01424cd8a8216b84ce0', '2021-01-17 17:53:08', '2021-01-17 17:53:08', null, '0:0:0:0:0:0:0:1', 'U', '');
INSERT INTO `his_config_info` VALUES ('15', '24', 'business-application-dev.yml', 'DEFAULT_GROUP', '', 0x23E8AFB7E6B182E5A484E79086E79A84E8B685E697B6E697B6E997B40D0A726962626F6E3A0D0A20205265616454696D656F75743A2031303030300D0A2020436F6E6E65637454696D656F75743A2031303030300D0A0D0A2320666569676E20E9858DE7BDAE0D0A666569676E3A0D0A202073656E74696E656C3A0D0A20202020656E61626C65643A20747275650D0A20206F6B687474703A0D0A20202020656E61626C65643A20747275650D0A202068747470636C69656E743A0D0A20202020656E61626C65643A2066616C73650D0A2020636C69656E743A0D0A20202020636F6E6669673A0D0A20202020202064656661756C743A0D0A2020202020202020636F6E6E65637454696D656F75743A2031303030300D0A20202020202020207265616454696D656F75743A2031303030300D0A2020636F6D7072657373696F6E3A0D0A20202020726571756573743A0D0A202020202020656E61626C65643A20747275650D0A20202020726573706F6E73653A0D0A202020202020656E61626C65643A20747275650D0A0D0A2320E69AB4E99CB2E79B91E68EA7E7ABAFE782B90D0A6D616E6167656D656E743A0D0A2020656E64706F696E74733A0D0A202020207765623A0D0A2020202020206578706F737572653A0D0A2020202020202020696E636C7564653A20272A270D0A0D0A2320E8AEA4E8AF81E9858DE7BDAE0D0A73656375726974793A0D0A20206F61757468323A0D0A20202020636C69656E743A0D0A202020202020636C69656E742D69643A2074636F6973730D0A202020202020636C69656E742D7365637265743A203132333435360D0A20202020202073636F70653A207365727665720D0A202020207265736F757263653A0D0A2020202020206C6F616442616C616E6365643A20747275650D0A202020202020746F6B656E2D696E666F2D7572693A20687474703A2F2F72756F79692D617574682F6F617574682F636865636B5F746F6B656E0D0A2020202069676E6F72653A0D0A20202020202075726C733A0D0A20202020202020202D202F76322F6170692D646F63730D0A20202020202020202D202F6163747561746F722F2A2A0D0A20202020202020202D202F757365722F696E666F2F2A0D0A20202020202020202D202F6F7065726C6F670D0A20202020202020202D202F6C6F67696E696E666F720D0A20202020202020202D202F746573740D0A23737072696E6720E585B1E4BAABE9858DE7BDAE0D0A737072696E673A200D0A202064617461736F757263653A0D0A202020206472697665722D636C6173732D6E616D653A20636F6D2E6D7973716C2E636A2E6A6462632E4472697665720D0A2020202075726C3A206A6462633A6D7973716C3A2F2F6C6F63616C686F73743A333330362F72792D636C6F75643F757365556E69636F64653D7472756526636861726163746572456E636F64696E673D75746638267A65726F4461746554696D654265686176696F723D636F6E76657274546F4E756C6C2675736553534C3D747275652673657276657254696D657A6F6E653D474D54253242380D0A20202020757365726E616D653A20726F6F740D0A2020202070617373776F72643A2070617373776F72640D0A202072656469733A0D0A20202020686F73743A206C6F63616C686F73740D0A20202020706F72743A20363337390D0A2020202070617373776F72643A20313233343536, 'a89fc8cb661d84dd7be1f5e9bc043a2c', '2021-01-17 17:56:22', '2021-01-17 17:56:22', null, '0:0:0:0:0:0:0:1', 'U', '');
INSERT INTO `his_config_info` VALUES ('17', '25', 'tcoiss-gateway-dev.yml', 'DEFAULT_GROUP', '', 0x737072696E673A0D0A202072656469733A0D0A20202020686F73743A206C6F63616C686F73740D0A20202020706F72743A20363337390D0A2020202070617373776F72643A203132333435360D0A2020636C6F75643A0D0A20202020676174657761793A0D0A202020202020646973636F766572793A0D0A20202020202020206C6F6361746F723A0D0A202020202020202020206C6F776572436173655365727669636549643A20747275650D0A20202020202020202020656E61626C65643A20747275650D0A202020202020726F757465733A0D0A20202020202020202320E8AEA4E8AF81E4B8ADE5BF830D0A20202020202020202D2069643A2072756F79692D617574680D0A202020202020202020207572693A206C623A2F2F72756F79692D617574680D0A20202020202020202020707265646963617465733A0D0A2020202020202020202020202D20506174683D2F617574682F2A2A0D0A2020202020202020202066696C746572733A0D0A2020202020202020202020202320E9AA8CE8AF81E7A081E5A484E790860D0A2020202020202020202020202D2043616368655265717565737446696C7465720D0A2020202020202020202020202D2056616C6964617465436F646546696C7465720D0A2020202020202020202020202D2053747269705072656669783D310D0A20202020202020202320E4BBA3E7A081E7949FE688900D0A20202020202020202D2069643A2072756F79692D67656E0D0A202020202020202020207572693A206C623A2F2F72756F79692D67656E0D0A20202020202020202020707265646963617465733A0D0A2020202020202020202020202D20506174683D2F636F64652F2A2A0D0A2020202020202020202066696C746572733A0D0A2020202020202020202020202D2053747269705072656669783D310D0A20202020202020202320E5AE9AE697B6E4BBBBE58AA10D0A20202020202020202D2069643A2072756F79692D6A6F620D0A202020202020202020207572693A206C623A2F2F72756F79692D6A6F620D0A20202020202020202020707265646963617465733A0D0A2020202020202020202020202D20506174683D2F7363686564756C652F2A2A0D0A2020202020202020202066696C746572733A0D0A2020202020202020202020202D2053747269705072656669783D310D0A20202020202020202320E695B0E68DAEE4B8ADE5BF830D0A20202020202020202D2069643A2072756F79692D6462736F757263650D0A202020202020202020207572693A206C623A2F2F72756F79692D6462736F757263650D0A20202020202020202020707265646963617465733A0D0A2020202020202020202020202D20506174683D2F6462736F757263652F2A2A0D0A2020202020202020202066696C746572733A0D0A2020202020202020202020202D2053747269705072656669783D310D0A20202020202020202320E7B3BBE7BB9FE6A8A1E59D970D0A20202020202020202D2069643A2072756F79692D73797374656D0D0A202020202020202020207572693A206C623A2F2F72756F79692D73797374656D0D0A20202020202020202020707265646963617465733A0D0A2020202020202020202020202D20506174683D2F73797374656D2F2A2A0D0A2020202020202020202066696C746572733A0D0A2020202020202020202020202D2053747269705072656669783D310D0A20202020202020202320E69687E4BBB6E69C8DE58AA10D0A20202020202020202D2069643A2072756F79692D66696C650D0A202020202020202020207572693A206C623A2F2F72756F79692D66696C650D0A20202020202020202020707265646963617465733A0D0A2020202020202020202020202D20506174683D2F66696C652F2A2A0D0A2020202020202020202066696C746572733A0D0A2020202020202020202020202D2053747269705072656669783D310D0A20202020202020202320E6B58BE8AF95E69C8DE58AA10D0A20202020202020202D2069643A2072756F79692D746573740D0A202020202020202020207572693A206C623A2F2F72756F79692D746573740D0A20202020202020202020707265646963617465733A0D0A2020202020202020202020202D20506174683D2F746573742F2A2A0D0A2020202020202020202066696C746572733A0D0A2020202020202020202020202D2053747269705072656669783D310D0A0D0A2320E4B88DE6A0A1E9AA8CE799BDE5908DE58D950D0A69676E6F72653A0D0A20207768697465733A0D0A202020202D202F617574682F6C6F676F75740D0A202020202D202F617574682F6C6F67696E0D0A202020202D202F2A2F76322F6170692D646F63730D0A202020202D202F637372660D0A, '5c4ff690314eb01424cd8a8216b84ce0', '2021-01-17 17:58:14', '2021-01-17 17:58:14', null, '0:0:0:0:0:0:0:1', 'U', '');
INSERT INTO `his_config_info` VALUES ('19', '26', 'tcoiss-auth-dev.yml', 'DEFAULT_GROUP', '', 0x737072696E673A200D0A202064617461736F757263653A0D0A202020206472697665722D636C6173732D6E616D653A20636F6D2E6D7973716C2E636A2E6A6462632E4472697665720D0A2020202075726C3A206A6462633A6D7973716C3A2F2F6C6F63616C686F73743A333330362F72792D636C6F75643F757365556E69636F64653D7472756526636861726163746572456E636F64696E673D75746638267A65726F4461746554696D654265686176696F723D636F6E76657274546F4E756C6C2675736553534C3D747275652673657276657254696D657A6F6E653D474D54253242380D0A20202020757365726E616D653A20726F6F740D0A2020202070617373776F72643A203132333435360D0A202072656469733A0D0A20202020686F73743A206C6F63616C686F73740D0A20202020706F72743A20363337390D0A2020202070617373776F72643A203132333435360D0A, 'a38663e648ecf92d872cc5231c730157', '2021-01-17 17:58:42', '2021-01-17 17:58:43', null, '0:0:0:0:0:0:0:1', 'U', '');
INSERT INTO `his_config_info` VALUES ('22', '27', 'sentinel-tcoiss-gateway', 'DEFAULT_GROUP', '', 0x5B0D0A202020207B0D0A2020202020202020227265736F75726365223A202272756F79692D61757468222C0D0A202020202020202022636F756E74223A203530302C0D0A2020202020202020226772616465223A20312C0D0A2020202020202020226C696D6974417070223A202264656661756C74222C0D0A2020202020202020227374726174656779223A20302C0D0A202020202020202022636F6E74726F6C4265686176696F72223A20300D0A202020207D2C0D0A097B0D0A2020202020202020227265736F75726365223A202272756F79692D73797374656D222C0D0A202020202020202022636F756E74223A20313030302C0D0A2020202020202020226772616465223A20312C0D0A2020202020202020226C696D6974417070223A202264656661756C74222C0D0A2020202020202020227374726174656779223A20302C0D0A202020202020202022636F6E74726F6C4265686176696F72223A20300D0A202020207D2C0D0A097B0D0A2020202020202020227265736F75726365223A202272756F79692D67656E222C0D0A202020202020202022636F756E74223A203230302C0D0A2020202020202020226772616465223A20312C0D0A2020202020202020226C696D6974417070223A202264656661756C74222C0D0A2020202020202020227374726174656779223A20302C0D0A202020202020202022636F6E74726F6C4265686176696F72223A20300D0A202020207D2C0D0A097B0D0A2020202020202020227265736F75726365223A202272756F79692D6A6F62222C0D0A202020202020202022636F756E74223A203330302C0D0A2020202020202020226772616465223A20312C0D0A2020202020202020226C696D6974417070223A202264656661756C74222C0D0A2020202020202020227374726174656779223A20302C0D0A202020202020202022636F6E74726F6C4265686176696F72223A20300D0A202020207D2C0D0A202020207B0D0A2020202020202020227265736F75726365223A202272756F79692D6462736F75726365222C0D0A202020202020202022636F756E74223A203330302C0D0A2020202020202020226772616465223A20312C0D0A2020202020202020226C696D6974417070223A202264656661756C74222C0D0A2020202020202020227374726174656779223A20302C0D0A202020202020202022636F6E74726F6C4265686176696F72223A20300D0A202020207D2C0D0A202020207B0D0A2020202020202020227265736F75726365223A202272756F79692D74657374222C0D0A202020202020202022636F756E74223A203330302C0D0A2020202020202020226772616465223A20312C0D0A2020202020202020226C696D6974417070223A202264656661756C74222C0D0A2020202020202020227374726174656779223A20302C0D0A202020202020202022636F6E74726F6C4265686176696F72223A20300D0A202020207D0D0A5D, 'b622baf53fff462abf85c5bb6db66dde', '2021-01-18 08:36:54', '2021-01-18 08:36:55', null, '0:0:0:0:0:0:0:1', 'U', '');
INSERT INTO `his_config_info` VALUES ('21', '28', 'tcoiss-system-dev.yml', 'DEFAULT_GROUP', '', 0x2320737072696E67E9858DE7BDAE0D0A737072696E673A200D0A202072656469733A0D0A20202020686F73743A206C6F63616C686F73740D0A20202020706F72743A20363337390D0A2020202070617373776F72643A203132333435360D0A202064617461736F757263653A0D0A2020202064727569643A0D0A202020202020737461742D766965772D736572766C65743A0D0A2020202020202020656E61626C65643A20747275650D0A20202020202020206C6F67696E557365726E616D653A2061646D696E0D0A20202020202020206C6F67696E50617373776F72643A203132333435360D0A2020202064796E616D69633A0D0A20202020202064727569643A0D0A2020202020202020696E697469616C2D73697A653A20350D0A20202020202020206D696E2D69646C653A20350D0A20202020202020206D61784163746976653A2032300D0A20202020202020206D6178576169743A2036303030300D0A202020202020202074696D654265747765656E4576696374696F6E52756E734D696C6C69733A2036303030300D0A20202020202020206D696E457669637461626C6549646C6554696D654D696C6C69733A203330303030300D0A202020202020202076616C69646174696F6E51756572793A2053454C45435420312046524F4D204455414C0D0A2020202020202020746573745768696C6549646C653A20747275650D0A2020202020202020746573744F6E426F72726F773A2066616C73650D0A2020202020202020746573744F6E52657475726E3A2066616C73650D0A2020202020202020706F6F6C507265706172656453746174656D656E74733A20747275650D0A20202020202020206D6178506F6F6C507265706172656453746174656D656E74506572436F6E6E656374696F6E53697A653A2032300D0A202020202020202066696C746572733A20737461742C77616C6C2C736C66346A0D0A2020202020202020636F6E6E656374696F6E50726F706572746965733A2064727569642E737461742E6D6572676553716C5C3D747275653B64727569642E737461742E736C6F7753716C4D696C6C69735C3D353030300D0A20202020202064617461736F757263653A0D0A202020202020202020202320E4B8BBE5BA93E695B0E68DAEE6BA900D0A202020202020202020206D61737465723A0D0A2020202020202020202020206472697665722D636C6173732D6E616D653A20636F6D2E6D7973716C2E636A2E6A6462632E4472697665720D0A20202020202020202020202075726C3A206A6462633A6D7973716C3A2F2F6C6F63616C686F73743A333330362F72792D636C6F75643F757365556E69636F64653D7472756526636861726163746572456E636F64696E673D75746638267A65726F4461746554696D654265686176696F723D636F6E76657274546F4E756C6C2675736553534C3D747275652673657276657254696D657A6F6E653D474D54253242380D0A202020202020202020202020757365726E616D653A20726F6F740D0A20202020202020202020202070617373776F72643A203132333435360D0A202020202020202020202320E4BB8EE5BA93E695B0E68DAEE6BA900D0A202020202020202020202320736C6176653A0D0A202020202020202020202020232075726C3A200D0A2020202020202020202020202320757365726E616D653A200D0A202020202020202020202020232070617373776F72643A200D0A20202020202020202020202023206472697665722D636C6173732D6E616D653A200D0A0D0A23206D796261746973E9858DE7BDAE0D0A6D7962617469733A0D0A202020202320E6909CE7B4A2E68C87E5AE9AE58C85E588ABE5908D0D0A2020202074797065416C69617365735061636B6167653A20636F6D2E72756F79692E73797374656D0D0A202020202320E9858DE7BDAE6D6170706572E79A84E689ABE68F8FEFBC8CE689BEE588B0E68980E69C89E79A846D61707065722E786D6CE698A0E5B084E69687E4BBB60D0A202020206D61707065724C6F636174696F6E733A20636C617373706174683A6D61707065722F2A2A2F2A2E786D6C0D0A0D0A232073776167676572E9858DE7BDAE0D0A737761676765723A0D0A20207469746C653A20E7B3BBE7BB9FE6A8A1E59D97E68EA5E58FA3E69687E6A1A30D0A20206C6963656E73653A20506F77657265642042792072756F79690D0A20206C6963656E736555726C3A2068747470733A2F2F72756F79692E7669700D0A2020617574686F72697A6174696F6E3A0D0A202020206E616D653A2052756F5969204F417574680D0A20202020617574682D72656765783A205E2E2A240D0A20202020617574686F72697A6174696F6E2D73636F70652D6C6973743A0D0A2020202020202D2073636F70653A207365727665720D0A20202020202020206465736372697074696F6E3A20E5AEA2E688B7E7ABAFE68E88E69D83E88C83E59BB40D0A20202020746F6B656E2D75726C2D6C6973743A0D0A2020202020202D20687474703A2F2F6C6F63616C686F73743A383038302F617574682F6F617574682F746F6B656E0D0A, 'da2b331c78470ef011158d6bfbab2aeb', '2021-01-18 08:38:04', '2021-01-18 08:38:04', null, '0:0:0:0:0:0:0:1', 'U', '');
INSERT INTO `his_config_info` VALUES ('20', '29', 'tcoiss-gen-dev.yml', 'DEFAULT_GROUP', '', 0x2320737072696E67E9858DE7BDAE0D0A737072696E673A200D0A202072656469733A0D0A20202020686F73743A206C6F63616C686F73740D0A20202020706F72743A20363337390D0A2020202070617373776F72643A203132333435360D0A202064617461736F757263653A200D0A202020206472697665722D636C6173732D6E616D653A20636F6D2E6D7973716C2E636A2E6A6462632E4472697665720D0A2020202075726C3A206A6462633A6D7973716C3A2F2F6C6F63616C686F73743A333330362F72792D636C6F75643F757365556E69636F64653D7472756526636861726163746572456E636F64696E673D75746638267A65726F4461746554696D654265686176696F723D636F6E76657274546F4E756C6C2675736553534C3D747275652673657276657254696D657A6F6E653D474D54253242380D0A20202020757365726E616D653A20726F6F740D0A2020202070617373776F72643A203132333435360D0A0D0A23206D796261746973E9858DE7BDAE0D0A6D7962617469733A0D0A202020202320E6909CE7B4A2E68C87E5AE9AE58C85E588ABE5908D0D0A2020202074797065416C69617365735061636B6167653A20636F6D2E72756F79692E67656E2E646F6D61696E0D0A202020202320E9858DE7BDAE6D6170706572E79A84E689ABE68F8FEFBC8CE689BEE588B0E68980E69C89E79A846D61707065722E786D6CE698A0E5B084E69687E4BBB60D0A202020206D61707065724C6F636174696F6E733A20636C617373706174683A6D61707065722F2A2A2F2A2E786D6C0D0A0D0A232073776167676572E9858DE7BDAE0D0A737761676765723A0D0A20207469746C653A20E4BBA3E7A081E7949FE68890E68EA5E58FA3E69687E6A1A30D0A20206C6963656E73653A20506F77657265642042792072756F79690D0A20206C6963656E736555726C3A2068747470733A2F2F72756F79692E7669700D0A2020617574686F72697A6174696F6E3A0D0A202020206E616D653A2052756F5969204F417574680D0A20202020617574682D72656765783A205E2E2A240D0A20202020617574686F72697A6174696F6E2D73636F70652D6C6973743A0D0A2020202020202D2073636F70653A207365727665720D0A20202020202020206465736372697074696F6E3A20E5AEA2E688B7E7ABAFE68E88E69D83E88C83E59BB40D0A20202020746F6B656E2D75726C2D6C6973743A0D0A2020202020202D20687474703A2F2F6C6F63616C686F73743A383038302F617574682F6F617574682F746F6B656E0D0A0D0A2320E4BBA3E7A081E7949FE688900D0A67656E3A200D0A20202320E4BD9CE880850D0A2020617574686F723A2072756F79690D0A20202320E9BB98E8AEA4E7949FE68890E58C85E8B7AFE5BE842073797374656D20E99C80E694B9E68890E887AAE5B7B1E79A84E6A8A1E59D97E5908DE7A7B020E5A6822073797374656D206D6F6E69746F7220746F6F6C0D0A20207061636B6167654E616D653A20636F6D2E72756F79692E73797374656D0D0A20202320E887AAE58AA8E58EBBE999A4E8A1A8E5898DE7BC80EFBC8CE9BB98E8AEA4E698AF66616C73650D0A20206175746F52656D6F76655072653A2066616C73650D0A20202320E8A1A8E5898DE7BC80EFBC88E7949FE68890E7B1BBE5908DE4B88DE4BC9AE58C85E590ABE8A1A8E5898DE7BC80EFBC8CE5A49AE4B8AAE794A8E98097E58FB7E58886E99A94EFBC890D0A20207461626C655072656669783A207379735F0D0A, '5f25b3bc6a93c9d21fa4c3032c6e01f5', '2021-01-18 08:39:36', '2021-01-18 08:39:36', null, '0:0:0:0:0:0:0:1', 'U', '');
INSERT INTO `his_config_info` VALUES ('17', '30', 'tcoiss-gateway-dev.yml', 'DEFAULT_GROUP', '', 0x737072696E673A0D0A202072656469733A0D0A20202020686F73743A206C6F63616C686F73740D0A20202020706F72743A20363337390D0A2020202070617373776F72643A203132333435360D0A2020636C6F75643A0D0A20202020676174657761793A0D0A202020202020646973636F766572793A0D0A20202020202020206C6F6361746F723A0D0A202020202020202020206C6F776572436173655365727669636549643A20747275650D0A20202020202020202020656E61626C65643A20747275650D0A202020202020726F757465733A0D0A20202020202020202320E8AEA4E8AF81E4B8ADE5BF830D0A20202020202020202D2069643A2074636F6973732D617574680D0A202020202020202020207572693A206C623A2F2F74636F6973732D617574680D0A20202020202020202020707265646963617465733A0D0A2020202020202020202020202D20506174683D2F617574682F2A2A0D0A2020202020202020202066696C746572733A0D0A2020202020202020202020202320E9AA8CE8AF81E7A081E5A484E790860D0A2020202020202020202020202D2043616368655265717565737446696C7465720D0A2020202020202020202020202D2056616C6964617465436F646546696C7465720D0A2020202020202020202020202D2053747269705072656669783D310D0A20202020202020202320E4BBA3E7A081E7949FE688900D0A20202020202020202D2069643A2074636F6973732D67656E0D0A202020202020202020207572693A206C623A2F2F74636F6973732D67656E0D0A20202020202020202020707265646963617465733A0D0A2020202020202020202020202D20506174683D2F636F64652F2A2A0D0A2020202020202020202066696C746572733A0D0A2020202020202020202020202D2053747269705072656669783D310D0A20202020202020202320E7B3BBE7BB9FE6A8A1E59D970D0A20202020202020202D2069643A2074636F6973732D73797374656D0D0A202020202020202020207572693A206C623A2F2F74636F6973732D73797374656D0D0A20202020202020202020707265646963617465733A0D0A2020202020202020202020202D20506174683D2F73797374656D2F2A2A0D0A2020202020202020202066696C746572733A0D0A2020202020202020202020202D2053747269705072656669783D310D0A20202020202020202320E69687E4BBB6E69C8DE58AA10D0A20202020202020202D2069643A2074636F6973732D66696C650D0A202020202020202020207572693A206C623A2F2F74636F6973732D66696C650D0A20202020202020202020707265646963617465733A0D0A2020202020202020202020202D20506174683D2F66696C652F2A2A0D0A2020202020202020202066696C746572733A0D0A2020202020202020202020202D2053747269705072656669783D310D0A20202020202020202320E6B58BE8AF95E69C8DE58AA10D0A20202020202020202D2069643A2074636F6973732D746573740D0A202020202020202020207572693A206C623A2F2F74636F6973732D746573740D0A20202020202020202020707265646963617465733A0D0A2020202020202020202020202D20506174683D2F746573742F2A2A0D0A2020202020202020202066696C746572733A0D0A2020202020202020202020202D2053747269705072656669783D310D0A0D0A2320E4B88DE6A0A1E9AA8CE799BDE5908DE58D950D0A69676E6F72653A0D0A20207768697465733A0D0A202020202D202F617574682F6C6F676F75740D0A202020202D202F617574682F6C6F67696E0D0A202020202D202F2A2F76322F6170692D646F63730D0A202020202D202F637372660D0A, '658ce898554428223403afca33145901', '2021-01-18 08:40:21', '2021-01-18 08:40:21', null, '0:0:0:0:0:0:0:1', 'U', '');
INSERT INTO `his_config_info` VALUES ('23', '31', 'tcoiss-file-dev.yml', 'DEFAULT_GROUP', '', 0x2320E69CACE59CB0E69687E4BBB6E4B88AE4BCA0202020200D0A66696C653A0D0A20202020646F6D61696E3A20687474703A2F2F3132372E302E302E313A393330300D0A20202020706174683A20443A2F72756F79692F75706C6F6164506174680D0A202020207072656669783A202F737461746963730D0A0D0A232046617374444653E9858DE7BDAE0D0A666466733A0D0A2020646F6D61696E3A20687474703A2F2F382E3132392E3233312E31320D0A2020736F54696D656F75743A20333030300D0A2020636F6E6E65637454696D656F75743A20323030300D0A2020747261636B65724C6973743A20382E3132392E3233312E31323A32323132320D0A0D0A23204D696E696FE9858DE7BDAE0D0A6D696E696F3A0D0A202075726C3A20687474703A2F2F382E3132392E3233312E31323A393030300D0A20206163636573734B65793A206D696E696F61646D696E0D0A20207365637265744B65793A206D696E696F61646D696E0D0A20206275636B65744E616D653A2074657374, '5382b93f3d8059d6068c0501fdd41195', '2021-01-18 09:24:41', '2021-01-18 09:24:42', null, '0:0:0:0:0:0:0:1', 'U', '');
INSERT INTO `his_config_info` VALUES ('21', '32', 'tcoiss-system-dev.yml', 'DEFAULT_GROUP', '', 0x2320737072696E67E9858DE7BDAE0D0A737072696E673A200D0A202072656469733A0D0A20202020686F73743A206C6F63616C686F73740D0A20202020706F72743A20363337390D0A2020202070617373776F72643A203132333435360D0A202064617461736F757263653A0D0A2020202064727569643A0D0A202020202020737461742D766965772D736572766C65743A0D0A2020202020202020656E61626C65643A20747275650D0A20202020202020206C6F67696E557365726E616D653A2061646D696E0D0A20202020202020206C6F67696E50617373776F72643A203132333435360D0A2020202064796E616D69633A0D0A20202020202064727569643A0D0A2020202020202020696E697469616C2D73697A653A20350D0A20202020202020206D696E2D69646C653A20350D0A20202020202020206D61784163746976653A2032300D0A20202020202020206D6178576169743A2036303030300D0A202020202020202074696D654265747765656E4576696374696F6E52756E734D696C6C69733A2036303030300D0A20202020202020206D696E457669637461626C6549646C6554696D654D696C6C69733A203330303030300D0A202020202020202076616C69646174696F6E51756572793A2053454C45435420312046524F4D204455414C0D0A2020202020202020746573745768696C6549646C653A20747275650D0A2020202020202020746573744F6E426F72726F773A2066616C73650D0A2020202020202020746573744F6E52657475726E3A2066616C73650D0A2020202020202020706F6F6C507265706172656453746174656D656E74733A20747275650D0A20202020202020206D6178506F6F6C507265706172656453746174656D656E74506572436F6E6E656374696F6E53697A653A2032300D0A202020202020202066696C746572733A20737461742C77616C6C2C736C66346A0D0A2020202020202020636F6E6E656374696F6E50726F706572746965733A2064727569642E737461742E6D6572676553716C5C3D747275653B64727569642E737461742E736C6F7753716C4D696C6C69735C3D353030300D0A20202020202064617461736F757263653A0D0A202020202020202020202320E4B8BBE5BA93E695B0E68DAEE6BA900D0A202020202020202020206D61737465723A0D0A2020202020202020202020206472697665722D636C6173732D6E616D653A20636F6D2E6D7973716C2E636A2E6A6462632E4472697665720D0A20202020202020202020202075726C3A206A6462633A6D7973716C3A2F2F6C6F63616C686F73743A333330362F73705F73797374656D3F757365556E69636F64653D7472756526636861726163746572456E636F64696E673D75746638267A65726F4461746554696D654265686176696F723D636F6E76657274546F4E756C6C2675736553534C3D747275652673657276657254696D657A6F6E653D474D54253242380D0A202020202020202020202020757365726E616D653A20726F6F740D0A20202020202020202020202070617373776F72643A203132333435360D0A202020202020202020202320E4BB8EE5BA93E695B0E68DAEE6BA900D0A202020202020202020202320736C6176653A0D0A202020202020202020202020232075726C3A200D0A2020202020202020202020202320757365726E616D653A200D0A202020202020202020202020232070617373776F72643A200D0A20202020202020202020202023206472697665722D636C6173732D6E616D653A200D0A0D0A23206D796261746973E9858DE7BDAE0D0A6D7962617469733A0D0A202020202320E6909CE7B4A2E68C87E5AE9AE58C85E588ABE5908D0D0A2020202074797065416C69617365735061636B6167653A20636F6D2E72756F79692E73797374656D0D0A202020202320E9858DE7BDAE6D6170706572E79A84E689ABE68F8FEFBC8CE689BEE588B0E68980E69C89E79A846D61707065722E786D6CE698A0E5B084E69687E4BBB60D0A202020206D61707065724C6F636174696F6E733A20636C617373706174683A6D61707065722F2A2A2F2A2E786D6C0D0A0D0A232073776167676572E9858DE7BDAE0D0A737761676765723A0D0A20207469746C653A20E7B3BBE7BB9FE6A8A1E59D97E68EA5E58FA3E69687E6A1A30D0A20206C6963656E73653A20506F77657265642042792072756F79690D0A20206C6963656E736555726C3A2068747470733A2F2F72756F79692E7669700D0A2020617574686F72697A6174696F6E3A0D0A202020206E616D653A2052756F5969204F417574680D0A20202020617574682D72656765783A205E2E2A240D0A20202020617574686F72697A6174696F6E2D73636F70652D6C6973743A0D0A2020202020202D2073636F70653A207365727665720D0A20202020202020206465736372697074696F6E3A20E5AEA2E688B7E7ABAFE68E88E69D83E88C83E59BB40D0A20202020746F6B656E2D75726C2D6C6973743A0D0A2020202020202D20687474703A2F2F6C6F63616C686F73743A383038302F617574682F6F617574682F746F6B656E0D0A, '56437fdca00759ec906616e14aac5aaf', '2021-01-18 09:26:00', '2021-01-18 09:26:00', null, '0:0:0:0:0:0:0:1', 'U', '');
INSERT INTO `his_config_info` VALUES ('21', '33', 'tcoiss-system-dev.yml', 'DEFAULT_GROUP', '', 0x2320737072696E67E9858DE7BDAE0D0A737072696E673A200D0A202072656469733A0D0A20202020686F73743A206C6F63616C686F73740D0A20202020706F72743A20363337390D0A2020202070617373776F72643A203132333435360D0A202064617461736F757263653A0D0A2020202064727569643A0D0A202020202020737461742D766965772D736572766C65743A0D0A2020202020202020656E61626C65643A20747275650D0A20202020202020206C6F67696E557365726E616D653A2061646D696E0D0A20202020202020206C6F67696E50617373776F72643A203132333435360D0A2020202064796E616D69633A0D0A20202020202064727569643A0D0A2020202020202020696E697469616C2D73697A653A20350D0A20202020202020206D696E2D69646C653A20350D0A20202020202020206D61784163746976653A2032300D0A20202020202020206D6178576169743A2036303030300D0A202020202020202074696D654265747765656E4576696374696F6E52756E734D696C6C69733A2036303030300D0A20202020202020206D696E457669637461626C6549646C6554696D654D696C6C69733A203330303030300D0A202020202020202076616C69646174696F6E51756572793A2053454C45435420312046524F4D204455414C0D0A2020202020202020746573745768696C6549646C653A20747275650D0A2020202020202020746573744F6E426F72726F773A2066616C73650D0A2020202020202020746573744F6E52657475726E3A2066616C73650D0A2020202020202020706F6F6C507265706172656453746174656D656E74733A20747275650D0A20202020202020206D6178506F6F6C507265706172656453746174656D656E74506572436F6E6E656374696F6E53697A653A2032300D0A202020202020202066696C746572733A20737461742C77616C6C2C736C66346A0D0A2020202020202020636F6E6E656374696F6E50726F706572746965733A2064727569642E737461742E6D6572676553716C5C3D747275653B64727569642E737461742E736C6F7753716C4D696C6C69735C3D353030300D0A20202020202064617461736F757263653A0D0A202020202020202020202320E4B8BBE5BA93E695B0E68DAEE6BA900D0A202020202020202020206D61737465723A0D0A2020202020202020202020206472697665722D636C6173732D6E616D653A20636F6D2E6D7973716C2E636A2E6A6462632E4472697665720D0A20202020202020202020202075726C3A206A6462633A6D7973716C3A2F2F6C6F63616C686F73743A333330362F73705F73797374656D3F757365556E69636F64653D7472756526636861726163746572456E636F64696E673D75746638267A65726F4461746554696D654265686176696F723D636F6E76657274546F4E756C6C2675736553534C3D747275652673657276657254696D657A6F6E653D474D54253242380D0A202020202020202020202020757365726E616D653A20726F6F740D0A20202020202020202020202070617373776F72643A203132333435360D0A202020202020202020202320E4BB8EE5BA93E695B0E68DAEE6BA900D0A202020202020202020202320736C6176653A0D0A202020202020202020202020232075726C3A200D0A2020202020202020202020202320757365726E616D653A200D0A202020202020202020202020232070617373776F72643A200D0A20202020202020202020202023206472697665722D636C6173732D6E616D653A200D0A0D0A23206D796261746973E9858DE7BDAE0D0A6D7962617469733A0D0A202020202320E6909CE7B4A2E68C87E5AE9AE58C85E588ABE5908D0D0A2020202074797065416C69617365735061636B6167653A20636F6D2E72756F79692E73797374656D0D0A202020202320E9858DE7BDAE6D6170706572E79A84E689ABE68F8FEFBC8CE689BEE588B0E68980E69C89E79A846D61707065722E786D6CE698A0E5B084E69687E4BBB60D0A202020206D61707065724C6F636174696F6E733A20636C617373706174683A6D61707065722F2A2A2F2A2E786D6C0D0A0D0A232073776167676572E9858DE7BDAE0D0A737761676765723A0D0A20207469746C653A20E7B3BBE7BB9FE6A8A1E59D97E68EA5E58FA3E69687E6A1A30D0A20206C6963656E73653A20506F77657265642042792072756F79690D0A20206C6963656E736555726C3A2068747470733A2F2F72756F79692E7669700D0A2020617574686F72697A6174696F6E3A0D0A202020206E616D653A2052756F5969204F417574680D0A20202020617574682D72656765783A205E2E2A240D0A20202020617574686F72697A6174696F6E2D73636F70652D6C6973743A0D0A2020202020202D2073636F70653A207365727665720D0A20202020202020206465736372697074696F6E3A20E5AEA2E688B7E7ABAFE68E88E69D83E88C83E59BB40D0A20202020746F6B656E2D75726C2D6C6973743A0D0A2020202020202D20687474703A2F2F6C6F63616C686F73743A383038302F617574682F6F617574682F746F6B656E0D0A, '56437fdca00759ec906616e14aac5aaf', '2021-01-18 09:35:31', '2021-01-18 09:35:31', null, '0:0:0:0:0:0:0:1', 'U', '');
INSERT INTO `his_config_info` VALUES ('21', '34', 'tcoiss-system-dev.yml', 'DEFAULT_GROUP', '', 0x2320737072696E67E9858DE7BDAE0D0A737072696E673A200D0A202072656469733A0D0A20202020686F73743A206C6F63616C686F73740D0A20202020706F72743A20363337390D0A2020202070617373776F72643A203132333435360D0A202064617461736F757263653A0D0A2020202064727569643A0D0A202020202020737461742D766965772D736572766C65743A0D0A2020202020202020656E61626C65643A20747275650D0A20202020202020206C6F67696E557365726E616D653A2061646D696E0D0A20202020202020206C6F67696E50617373776F72643A203132333435360D0A2020202064796E616D69633A0D0A20202020202064727569643A0D0A2020202020202020696E697469616C2D73697A653A20350D0A20202020202020206D696E2D69646C653A20350D0A20202020202020206D61784163746976653A2032300D0A20202020202020206D6178576169743A2036303030300D0A202020202020202074696D654265747765656E4576696374696F6E52756E734D696C6C69733A2036303030300D0A20202020202020206D696E457669637461626C6549646C6554696D654D696C6C69733A203330303030300D0A202020202020202076616C69646174696F6E51756572793A2053454C45435420312046524F4D204455414C0D0A2020202020202020746573745768696C6549646C653A20747275650D0A2020202020202020746573744F6E426F72726F773A2066616C73650D0A2020202020202020746573744F6E52657475726E3A2066616C73650D0A2020202020202020706F6F6C507265706172656453746174656D656E74733A20747275650D0A20202020202020206D6178506F6F6C507265706172656453746174656D656E74506572436F6E6E656374696F6E53697A653A2032300D0A202020202020202066696C746572733A20737461742C77616C6C2C736C66346A0D0A2020202020202020636F6E6E656374696F6E50726F706572746965733A2064727569642E737461742E6D6572676553716C5C3D747275653B64727569642E737461742E736C6F7753716C4D696C6C69735C3D353030300D0A20202020202064617461736F757263653A0D0A202020202020202020202320E4B8BBE5BA93E695B0E68DAEE6BA900D0A202020202020202020206D61737465723A0D0A2020202020202020202020206472697665722D636C6173732D6E616D653A20636F6D2E6D7973716C2E636A2E6A6462632E4472697665720D0A20202020202020202020202075726C3A206A6462633A6D7973716C3A2F2F6C6F63616C686F73743A333330362F73705F73797374656D3F757365556E69636F64653D7472756526636861726163746572456E636F64696E673D75746638267A65726F4461746554696D654265686176696F723D636F6E76657274546F4E756C6C2675736553534C3D747275652673657276657254696D657A6F6E653D474D54253242380D0A202020202020202020202020757365726E616D653A20726F6F740D0A20202020202020202020202070617373776F72643A203132333435360D0A202020202020202020202320E4BB8EE5BA93E695B0E68DAEE6BA900D0A202020202020202020202320736C6176653A0D0A202020202020202020202020232075726C3A200D0A2020202020202020202020202320757365726E616D653A200D0A202020202020202020202020232070617373776F72643A200D0A20202020202020202020202023206472697665722D636C6173732D6E616D653A200D0A0D0A23206D796261746973E9858DE7BDAE0D0A6D7962617469733A0D0A202020202320E6909CE7B4A2E68C87E5AE9AE58C85E588ABE5908D0D0A2020202074797065416C69617365735061636B6167653A20636F6D2E74636F6973732E73797374656D0D0A202020202320E9858DE7BDAE6D6170706572E79A84E689ABE68F8FEFBC8CE689BEE588B0E68980E69C89E79A846D61707065722E786D6CE698A0E5B084E69687E4BBB60D0A202020206D61707065724C6F636174696F6E733A20636C617373706174683A6D61707065722F2A2A2F2A2E786D6C0D0A0D0A232073776167676572E9858DE7BDAE0D0A737761676765723A0D0A20207469746C653A20E7B3BBE7BB9FE6A8A1E59D97E68EA5E58FA3E69687E6A1A30D0A20206C6963656E73653A20506F77657265642042792072756F79690D0A20206C6963656E736555726C3A2068747470733A2F2F72756F79692E7669700D0A2020617574686F72697A6174696F6E3A0D0A202020206E616D653A2052756F5969204F417574680D0A20202020617574682D72656765783A205E2E2A240D0A20202020617574686F72697A6174696F6E2D73636F70652D6C6973743A0D0A2020202020202D2073636F70653A207365727665720D0A20202020202020206465736372697074696F6E3A20E5AEA2E688B7E7ABAFE68E88E69D83E88C83E59BB40D0A20202020746F6B656E2D75726C2D6C6973743A0D0A2020202020202D20687474703A2F2F6C6F63616C686F73743A383038302F617574682F6F617574682F746F6B656E0D0A, '4daac8ce3ee348df20ccc01c2674802c', '2021-01-18 09:35:45', '2021-01-18 09:35:46', null, '0:0:0:0:0:0:0:1', 'U', '');
INSERT INTO `his_config_info` VALUES ('21', '35', 'tcoiss-system-dev.yml', 'DEFAULT_GROUP', '', 0x2320737072696E67E9858DE7BDAE0D0A737072696E673A200D0A202072656469733A0D0A20202020686F73743A206C6F63616C686F73740D0A20202020706F72743A20363337390D0A2020202070617373776F72643A203132333435360D0A202064617461736F757263653A0D0A2020202064727569643A0D0A202020202020737461742D766965772D736572766C65743A0D0A2020202020202020656E61626C65643A20747275650D0A20202020202020206C6F67696E557365726E616D653A2061646D696E0D0A20202020202020206C6F67696E50617373776F72643A203132333435360D0A2020202064796E616D69633A0D0A20202020202064727569643A0D0A2020202020202020696E697469616C2D73697A653A20350D0A20202020202020206D696E2D69646C653A20350D0A20202020202020206D61784163746976653A2032300D0A20202020202020206D6178576169743A2036303030300D0A202020202020202074696D654265747765656E4576696374696F6E52756E734D696C6C69733A2036303030300D0A20202020202020206D696E457669637461626C6549646C6554696D654D696C6C69733A203330303030300D0A202020202020202076616C69646174696F6E51756572793A2053454C45435420312046524F4D204455414C0D0A2020202020202020746573745768696C6549646C653A20747275650D0A2020202020202020746573744F6E426F72726F773A2066616C73650D0A2020202020202020746573744F6E52657475726E3A2066616C73650D0A2020202020202020706F6F6C507265706172656453746174656D656E74733A20747275650D0A20202020202020206D6178506F6F6C507265706172656453746174656D656E74506572436F6E6E656374696F6E53697A653A2032300D0A202020202020202066696C746572733A20737461742C77616C6C2C736C66346A0D0A2020202020202020636F6E6E656374696F6E50726F706572746965733A2064727569642E737461742E6D6572676553716C5C3D747275653B64727569642E737461742E736C6F7753716C4D696C6C69735C3D353030300D0A20202020202064617461736F757263653A0D0A202020202020202020202320E4B8BBE5BA93E695B0E68DAEE6BA900D0A202020202020202020206D61737465723A0D0A2020202020202020202020206472697665722D636C6173732D6E616D653A20636F6D2E6D7973716C2E636A2E6A6462632E4472697665720D0A20202020202020202020202075726C3A206A6462633A6D7973716C3A2F2F6C6F63616C686F73743A333330362F73705F73797374656D3F757365556E69636F64653D7472756526636861726163746572456E636F64696E673D75746638267A65726F4461746554696D654265686176696F723D636F6E76657274546F4E756C6C2675736553534C3D747275652673657276657254696D657A6F6E653D474D54253242380D0A202020202020202020202020757365726E616D653A20726F6F740D0A20202020202020202020202070617373776F72643A203132333435360D0A202020202020202020202320E4BB8EE5BA93E695B0E68DAEE6BA900D0A202020202020202020202320736C6176653A0D0A202020202020202020202020232075726C3A200D0A2020202020202020202020202320757365726E616D653A200D0A202020202020202020202020232070617373776F72643A200D0A20202020202020202020202023206472697665722D636C6173732D6E616D653A200D0A0D0A23206D796261746973E9858DE7BDAE0D0A6D7962617469733A0D0A202020202320E6909CE7B4A2E68C87E5AE9AE58C85E588ABE5908D0D0A2020202074797065416C69617365735061636B6167653A20636F6D2E74636F6973732E73797374656D0D0A202020202320E9858DE7BDAE6D6170706572E79A84E689ABE68F8FEFBC8CE689BEE588B0E68980E69C89E79A846D61707065722E786D6CE698A0E5B084E69687E4BBB60D0A202020206D61707065724C6F636174696F6E733A20636C617373706174683A6D61707065722F2A2A2F2A2E786D6C0D0A0D0A232073776167676572E9858DE7BDAE0D0A737761676765723A0D0A20207469746C653A20E7B3BBE7BB9FE6A8A1E59D97E68EA5E58FA3E69687E6A1A30D0A20206C6963656E73653A20506F77657265642042792072756F79690D0A20206C6963656E736555726C3A2068747470733A2F2F72756F79692E7669700D0A2020617574686F72697A6174696F6E3A0D0A202020206E616D653A2052756F5969204F417574680D0A20202020617574682D72656765783A205E2E2A240D0A20202020617574686F72697A6174696F6E2D73636F70652D6C6973743A0D0A2020202020202D2073636F70653A207365727665720D0A20202020202020206465736372697074696F6E3A20E5AEA2E688B7E7ABAFE68E88E69D83E88C83E59BB40D0A20202020746F6B656E2D75726C2D6C6973743A0D0A2020202020202D20687474703A2F2F6C6F63616C686F73743A383038302F617574682F6F617574682F746F6B656E0D0A, '4daac8ce3ee348df20ccc01c2674802c', '2021-01-18 09:40:47', '2021-01-18 09:40:47', null, '0:0:0:0:0:0:0:1', 'U', '');
INSERT INTO `his_config_info` VALUES ('21', '36', 'tcoiss-system-dev.yml', 'DEFAULT_GROUP', '', 0x2320737072696E67E9858DE7BDAE0D0A737072696E673A200D0A202072656469733A0D0A20202020686F73743A206C6F63616C686F73740D0A20202020706F72743A20363337390D0A2020202070617373776F72643A203132333435360D0A202064617461736F757263653A0D0A2020202064727569643A0D0A202020202020737461742D766965772D736572766C65743A0D0A2020202020202020656E61626C65643A20747275650D0A20202020202020206C6F67696E557365726E616D653A2061646D696E0D0A20202020202020206C6F67696E50617373776F72643A203132333435360D0A2020202064796E616D69633A0D0A20202020202064727569643A0D0A2020202020202020696E697469616C2D73697A653A20350D0A20202020202020206D696E2D69646C653A20350D0A20202020202020206D61784163746976653A2032300D0A20202020202020206D6178576169743A2036303030300D0A202020202020202074696D654265747765656E4576696374696F6E52756E734D696C6C69733A2036303030300D0A20202020202020206D696E457669637461626C6549646C6554696D654D696C6C69733A203330303030300D0A202020202020202076616C69646174696F6E51756572793A2053454C45435420312046524F4D204455414C0D0A2020202020202020746573745768696C6549646C653A20747275650D0A2020202020202020746573744F6E426F72726F773A2066616C73650D0A2020202020202020746573744F6E52657475726E3A2066616C73650D0A2020202020202020706F6F6C507265706172656453746174656D656E74733A20747275650D0A20202020202020206D6178506F6F6C507265706172656453746174656D656E74506572436F6E6E656374696F6E53697A653A2032300D0A202020202020202066696C746572733A20737461742C77616C6C2C736C66346A0D0A2020202020202020636F6E6E656374696F6E50726F706572746965733A2064727569642E737461742E6D6572676553716C5C3D747275653B64727569642E737461742E736C6F7753716C4D696C6C69735C3D353030300D0A20202020202064617461736F757263653A0D0A202020202020202020202320E4B8BBE5BA93E695B0E68DAEE6BA900D0A202020202020202020206D61737465723A0D0A2020202020202020202020206472697665722D636C6173732D6E616D653A20636F6D2E6D7973716C2E636A2E6A6462632E4472697665720D0A20202020202020202020202075726C3A206A6462633A6D7973716C3A2F2F6C6F63616C686F73743A333330362F73705F73797374656D3F757365556E69636F64653D7472756526636861726163746572456E636F64696E673D75746638267A65726F4461746554696D654265686176696F723D636F6E76657274546F4E756C6C2675736553534C3D747275652673657276657254696D657A6F6E653D474D54253242380D0A202020202020202020202020757365726E616D653A20726F6F740D0A20202020202020202020202070617373776F72643A203132333435360D0A202020202020202020202320E4BB8EE5BA93E695B0E68DAEE6BA900D0A202020202020202020202320736C6176653A0D0A202020202020202020202020232075726C3A200D0A2020202020202020202020202320757365726E616D653A200D0A202020202020202020202020232070617373776F72643A200D0A20202020202020202020202023206472697665722D636C6173732D6E616D653A200D0A0D0A23206D796261746973E9858DE7BDAE0D0A6D7962617469733A0D0A202020202320E6909CE7B4A2E68C87E5AE9AE58C85E588ABE5908D0D0A2020202074797065416C69617365735061636B6167653A20636F6D2E74636F6973732E73797374656D0D0A202020202320E9858DE7BDAE6D6170706572E79A84E689ABE68F8FEFBC8CE689BEE588B0E68980E69C89E79A846D61707065722E786D6CE698A0E5B084E69687E4BBB60D0A202020206D61707065724C6F636174696F6E733A20636C617373706174683A6D61707065722F2A2A2F2A2E786D6C0D0A0D0A232073776167676572E9858DE7BDAE0D0A737761676765723A0D0A20207469746C653A20E7B3BBE7BB9FE6A8A1E59D97E68EA5E58FA3E69687E6A1A30D0A20206C6963656E73653A20506F77657265642042792072756F79690D0A20206C6963656E736555726C3A2068747470733A2F2F72756F79692E7669700D0A2020617574686F72697A6174696F6E3A0D0A202020206E616D653A2052756F5969204F417574680D0A20202020617574682D72656765783A205E2E2A240D0A20202020617574686F72697A6174696F6E2D73636F70652D6C6973743A0D0A2020202020202D2073636F70653A207365727665720D0A20202020202020206465736372697074696F6E3A20E5AEA2E688B7E7ABAFE68E88E69D83E88C83E59BB40D0A20202020746F6B656E2D75726C2D6C6973743A0D0A2020202020202D20687474703A2F2F6C6F63616C686F73743A383038302F617574682F6F617574682F746F6B656E0D0A, '4daac8ce3ee348df20ccc01c2674802c', '2021-01-18 10:15:25', '2021-01-18 10:15:25', null, '0:0:0:0:0:0:0:1', 'U', '');
INSERT INTO `his_config_info` VALUES ('21', '37', 'tcoiss-system-dev.yml', 'DEFAULT_GROUP', '', 0x2320737072696E67E9858DE7BDAE0D0A737072696E673A200D0A202072656469733A0D0A20202020686F73743A206C6F63616C686F73740D0A20202020706F72743A20363337390D0A2020202070617373776F72643A203132333435360D0A20200D0A0D0A23206D796261746973E9858DE7BDAE0D0A6D7962617469733A0D0A202020202320E6909CE7B4A2E68C87E5AE9AE58C85E588ABE5908D0D0A2020202074797065416C69617365735061636B6167653A20636F6D2E74636F6973732E73797374656D0D0A202020202320E9858DE7BDAE6D6170706572E79A84E689ABE68F8FEFBC8CE689BEE588B0E68980E69C89E79A846D61707065722E786D6CE698A0E5B084E69687E4BBB60D0A202020206D61707065724C6F636174696F6E733A20636C617373706174683A6D61707065722F2A2A2F2A2E786D6C0D0A0D0A232073776167676572E9858DE7BDAE0D0A737761676765723A0D0A20207469746C653A20E7B3BBE7BB9FE6A8A1E59D97E68EA5E58FA3E69687E6A1A30D0A20206C6963656E73653A20506F77657265642042792072756F79690D0A20206C6963656E736555726C3A2068747470733A2F2F72756F79692E7669700D0A2020617574686F72697A6174696F6E3A0D0A202020206E616D653A2052756F5969204F417574680D0A20202020617574682D72656765783A205E2E2A240D0A20202020617574686F72697A6174696F6E2D73636F70652D6C6973743A0D0A2020202020202D2073636F70653A207365727665720D0A20202020202020206465736372697074696F6E3A20E5AEA2E688B7E7ABAFE68E88E69D83E88C83E59BB40D0A20202020746F6B656E2D75726C2D6C6973743A0D0A2020202020202D20687474703A2F2F6C6F63616C686F73743A383038302F617574682F6F617574682F746F6B656E0D0A, 'fb651c69d142b7dece7b3a119f33f505', '2021-01-18 10:16:10', '2021-01-18 10:16:10', null, '0:0:0:0:0:0:0:1', 'U', '');
INSERT INTO `his_config_info` VALUES ('21', '38', 'tcoiss-system-dev.yml', 'DEFAULT_GROUP', '', 0x2320737072696E67E9858DE7BDAE0D0A737072696E673A200D0A202072656469733A0D0A20202020686F73743A206C6F63616C686F73740D0A20202020706F72743A20363337390D0A2020202070617373776F72643A203132333435360D0A202064617461736F757263653A200D0A202020206472697665722D636C6173732D6E616D653A20636F6D2E6D7973716C2E636A2E6A6462632E4472697665720D0A2020202075726C3A206A6462633A6D7973716C3A2F2F6C6F63616C686F73743A333330362F73705F73797374656D3F757365556E69636F64653D7472756526636861726163746572456E636F64696E673D75746638267A65726F4461746554696D654265686176696F723D636F6E76657274546F4E756C6C2675736553534C3D747275652673657276657254696D657A6F6E653D474D54253242380D0A20202020757365726E616D653A20726F6F740D0A2020202070617373776F72643A203132333435360D0A0D0A23206D796261746973E9858DE7BDAE0D0A6D7962617469733A0D0A202020202320E6909CE7B4A2E68C87E5AE9AE58C85E588ABE5908D0D0A2020202074797065416C69617365735061636B6167653A20636F6D2E74636F6973732E73797374656D0D0A202020202320E9858DE7BDAE6D6170706572E79A84E689ABE68F8FEFBC8CE689BEE588B0E68980E69C89E79A846D61707065722E786D6CE698A0E5B084E69687E4BBB60D0A202020206D61707065724C6F636174696F6E733A20636C617373706174683A6D61707065722F2A2A2F2A2E786D6C0D0A0D0A232073776167676572E9858DE7BDAE0D0A737761676765723A0D0A20207469746C653A20E7B3BBE7BB9FE6A8A1E59D97E68EA5E58FA3E69687E6A1A30D0A20206C6963656E73653A20506F77657265642042792072756F79690D0A20206C6963656E736555726C3A2068747470733A2F2F72756F79692E7669700D0A2020617574686F72697A6174696F6E3A0D0A202020206E616D653A2052756F5969204F417574680D0A20202020617574682D72656765783A205E2E2A240D0A20202020617574686F72697A6174696F6E2D73636F70652D6C6973743A0D0A2020202020202D2073636F70653A207365727665720D0A20202020202020206465736372697074696F6E3A20E5AEA2E688B7E7ABAFE68E88E69D83E88C83E59BB40D0A20202020746F6B656E2D75726C2D6C6973743A0D0A2020202020202D20687474703A2F2F6C6F63616C686F73743A383038302F617574682F6F617574682F746F6B656E0D0A, '90b30d3631af480e332c94c5feb59075', '2021-01-18 10:19:23', '2021-01-18 10:19:23', null, '0:0:0:0:0:0:0:1', 'U', '');
INSERT INTO `his_config_info` VALUES ('20', '39', 'tcoiss-gen-dev.yml', 'DEFAULT_GROUP', '', 0x2320737072696E67E9858DE7BDAE0D0A737072696E673A200D0A202072656469733A0D0A20202020686F73743A206C6F63616C686F73740D0A20202020706F72743A20363337390D0A2020202070617373776F72643A203132333435360D0A202064617461736F757263653A200D0A202020206472697665722D636C6173732D6E616D653A20636F6D2E6D7973716C2E636A2E6A6462632E4472697665720D0A2020202075726C3A206A6462633A6D7973716C3A2F2F6C6F63616C686F73743A333330362F72792D636C6F75643F757365556E69636F64653D7472756526636861726163746572456E636F64696E673D75746638267A65726F4461746554696D654265686176696F723D636F6E76657274546F4E756C6C2675736553534C3D747275652673657276657254696D657A6F6E653D474D54253242380D0A20202020757365726E616D653A20726F6F740D0A2020202070617373776F72643A203132333435360D0A0D0A23206D796261746973E9858DE7BDAE0D0A6D7962617469733A0D0A202020202320E6909CE7B4A2E68C87E5AE9AE58C85E588ABE5908D0D0A2020202074797065416C69617365735061636B6167653A20636F6D2E72756F79692E67656E2E646F6D61696E0D0A202020202320E9858DE7BDAE6D6170706572E79A84E689ABE68F8FEFBC8CE689BEE588B0E68980E69C89E79A846D61707065722E786D6CE698A0E5B084E69687E4BBB60D0A202020206D61707065724C6F636174696F6E733A20636C617373706174683A6D61707065722F2A2A2F2A2E786D6C0D0A0D0A232073776167676572E9858DE7BDAE0D0A737761676765723A0D0A20207469746C653A20E4BBA3E7A081E7949FE68890E68EA5E58FA3E69687E6A1A30D0A20206C6963656E73653A20506F77657265642042792072756F79690D0A20206C6963656E736555726C3A2068747470733A2F2F72756F79692E7669700D0A2020617574686F72697A6174696F6E3A0D0A202020206E616D653A2052756F5969204F417574680D0A20202020617574682D72656765783A205E2E2A240D0A20202020617574686F72697A6174696F6E2D73636F70652D6C6973743A0D0A2020202020202D2073636F70653A207365727665720D0A20202020202020206465736372697074696F6E3A20E5AEA2E688B7E7ABAFE68E88E69D83E88C83E59BB40D0A20202020746F6B656E2D75726C2D6C6973743A0D0A2020202020202D20687474703A2F2F6C6F63616C686F73743A383038302F617574682F6F617574682F746F6B656E0D0A0D0A2320E4BBA3E7A081E7949FE688900D0A67656E3A200D0A20202320E4BD9CE880850D0A2020617574686F723A207A770D0A20202320E9BB98E8AEA4E7949FE68890E58C85E8B7AFE5BE842073797374656D20E99C80E694B9E68890E887AAE5B7B1E79A84E6A8A1E59D97E5908DE7A7B020E5A6822073797374656D206D6F6E69746F7220746F6F6C0D0A20207061636B6167654E616D653A20636F6D2E72756F79692E73797374656D0D0A20202320E887AAE58AA8E58EBBE999A4E8A1A8E5898DE7BC80EFBC8CE9BB98E8AEA4E698AF66616C73650D0A20206175746F52656D6F76655072653A2066616C73650D0A20202320E8A1A8E5898DE7BC80EFBC88E7949FE68890E7B1BBE5908DE4B88DE4BC9AE58C85E590ABE8A1A8E5898DE7BC80EFBC8CE5A49AE4B8AAE794A8E98097E58FB7E58886E99A94EFBC890D0A20207461626C655072656669783A207379735F0D0A, '3ff1fc641c7c578b3bc615a89bcf662e', '2021-01-18 10:24:04', '2021-01-18 10:24:04', null, '0:0:0:0:0:0:0:1', 'U', '');
INSERT INTO `his_config_info` VALUES ('21', '40', 'tcoiss-system-dev.yml', 'DEFAULT_GROUP', '', 0x2320737072696E67E9858DE7BDAE0D0A737072696E673A200D0A202072656469733A0D0A20202020686F73743A206C6F63616C686F73740D0A20202020706F72743A20363337390D0A2020202070617373776F72643A203132333435360D0A202064617461736F757263653A200D0A202020206472697665722D636C6173732D6E616D653A20636F6D2E6D7973716C2E636A2E6A6462632E4472697665720D0A2020202075726C3A206A6462633A6D7973716C3A2F2F6C6F63616C686F73743A333330362F73705F73797374656D3F757365556E69636F64653D7472756526636861726163746572456E636F64696E673D75746638267A65726F4461746554696D654265686176696F723D636F6E76657274546F4E756C6C2675736553534C3D747275652673657276657254696D657A6F6E653D474D54253242380D0A20202020757365726E616D653A20726F6F740D0A2020202070617373776F72643A203132333435360D0A0D0A23206D796261746973E9858DE7BDAE0D0A6D7962617469733A0D0A202020202320E6909CE7B4A2E68C87E5AE9AE58C85E588ABE5908D0D0A2020202074797065416C69617365735061636B6167653A20636F6D2E74636F6973732E73797374656D0D0A202020202320E9858DE7BDAE6D6170706572E79A84E689ABE68F8FEFBC8CE689BEE588B0E68980E69C89E79A846D61707065722E786D6CE698A0E5B084E69687E4BBB60D0A202020206D61707065724C6F636174696F6E733A20636C617373706174683A6D61707065722F2A2A2F2A2E786D6C0D0A0D0A232073776167676572E9858DE7BDAE0D0A737761676765723A0D0A20207469746C653A20E7B3BBE7BB9FE6A8A1E59D97E68EA5E58FA3E69687E6A1A30D0A20206C6963656E73653A20506F77657265642042792072756F79690D0A20206C6963656E736555726C3A2068747470733A2F2F72756F79692E7669700D0A2020617574686F72697A6174696F6E3A0D0A202020206E616D653A2052756F5969204F417574680D0A20202020617574682D72656765783A205E2E2A240D0A20202020617574686F72697A6174696F6E2D73636F70652D6C6973743A0D0A2020202020202D2073636F70653A207365727665720D0A20202020202020206465736372697074696F6E3A20E5AEA2E688B7E7ABAFE68E88E69D83E88C83E59BB40D0A20202020746F6B656E2D75726C2D6C6973743A0D0A2020202020202D20687474703A2F2F6C6F63616C686F73743A383038302F617574682F6F617574682F746F6B656E0D0A, '90b30d3631af480e332c94c5feb59075', '2021-01-18 10:36:19', '2021-01-18 10:36:20', null, '0:0:0:0:0:0:0:1', 'U', '');
INSERT INTO `his_config_info` VALUES ('21', '41', 'tcoiss-system-dev.yml', 'DEFAULT_GROUP', '', 0x2320737072696E67E9858DE7BDAE0D0A737072696E673A200D0A202072656469733A0D0A20202020686F73743A206C6F63616C686F73740D0A20202020706F72743A20363337390D0A2020202070617373776F72643A203132333435360D0A202064617461736F757263653A200D0A202020206472697665722D636C6173732D6E616D653A20636F6D2E6D7973716C2E636A2E6A6462632E4472697665720D0A2020202075726C3A206A6462633A6D7973716C3A2F2F6C6F63616C686F73743A333330362F73705F73797374656D3F757365556E69636F64653D7472756526636861726163746572456E636F64696E673D75746638267A65726F4461746554696D654265686176696F723D636F6E76657274546F4E756C6C2675736553534C3D747275652673657276657254696D657A6F6E653D474D54253242380D0A20202020757365726E616D653A20726F6F740D0A2020202070617373776F72643A203132333435360D0A0D0A23206D796261746973E9858DE7BDAE0D0A6D7962617469733A0D0A202020202320E6909CE7B4A2E68C87E5AE9AE58C85E588ABE5908D0D0A2020202074797065416C69617365735061636B6167653A20636F6D2E74636F6973732E73797374656D2E646F6D61696E0D0A202020202320E9858DE7BDAE6D6170706572E79A84E689ABE68F8FEFBC8CE689BEE588B0E68980E69C89E79A846D61707065722E786D6CE698A0E5B084E69687E4BBB60D0A202020206D61707065724C6F636174696F6E733A20636C617373706174683A6D61707065722F2A2A2F2A2E786D6C0D0A0D0A232073776167676572E9858DE7BDAE0D0A737761676765723A0D0A20207469746C653A20E7B3BBE7BB9FE6A8A1E59D97E68EA5E58FA3E69687E6A1A30D0A20206C6963656E73653A20506F77657265642042792072756F79690D0A20206C6963656E736555726C3A2068747470733A2F2F72756F79692E7669700D0A2020617574686F72697A6174696F6E3A0D0A202020206E616D653A2052756F5969204F417574680D0A20202020617574682D72656765783A205E2E2A240D0A20202020617574686F72697A6174696F6E2D73636F70652D6C6973743A0D0A2020202020202D2073636F70653A207365727665720D0A20202020202020206465736372697074696F6E3A20E5AEA2E688B7E7ABAFE68E88E69D83E88C83E59BB40D0A20202020746F6B656E2D75726C2D6C6973743A0D0A2020202020202D20687474703A2F2F6C6F63616C686F73743A383038302F617574682F6F617574682F746F6B656E0D0A, '8ea85906252c4ee6f63e662a923d1c30', '2021-01-18 11:14:26', '2021-01-18 11:14:27', null, '0:0:0:0:0:0:0:1', 'U', '');
INSERT INTO `his_config_info` VALUES ('0', '42', 'tcoiss-dbsource-dev.yml', 'DEFAULT_GROUP', '', 0x2320737072696E67E9858DE7BDAE0D0A737072696E673A200D0A202072656469733A0D0A20202020686F73743A206C6F63616C686F73740D0A20202020706F72743A20363337390D0A2020202070617373776F72643A203132333435360D0A202064617461736F757263653A0D0A202020206472697665722D636C6173732D6E616D653A20636F6D2E6D7973716C2E636A2E6A6462632E4472697665720D0A2020202075726C3A206A6462633A6D7973716C3A2F2F6C6F63616C686F73743A333330362F72792D636C6F75643F757365556E69636F64653D7472756526636861726163746572456E636F64696E673D75746638267A65726F4461746554696D654265686176696F723D636F6E76657274546F4E756C6C2675736553534C3D747275652673657276657254696D657A6F6E653D474D54253242380D0A20202020757365726E616D653A20726F6F740D0A2020202070617373776F72643A203132333435360D0A20202020747970653A20636F6D2E616C69626162612E64727569642E706F6F6C2E447275696444617461536F757263650D0A202020202320E4B88BE99DA2E4B8BAE8BF9EE68EA5E6B1A0E79A84E8A1A5E58585E8AEBEE7BDAEEFBC8CE5BA94E794A8E588B0E4B88AE99DA2E68980E69C89E695B0E68DAEE6BA90E4B8AD0D0A202020202320E5889DE5A78BE58C96E5A4A7E5B08FEFBC8CE69C80E5B08FEFBC8CE69C80E5A4A70D0A20202020696E697469616C53697A653A20350D0A202020206D696E49646C653A20350D0A202020206D61784163746976653A2032300D0A202020202320E9858DE7BDAEE88EB7E58F96E8BF9EE68EA5E7AD89E5BE85E8B685E697B6E79A84E697B6E997B40D0A202020206D6178576169743A2036303030300D0A202020202320E9858DE7BDAEE997B4E99A94E5A49AE4B985E6898DE8BF9BE8A18CE4B880E6ACA1E6A380E6B58BEFBC8CE6A380E6B58BE99C80E8A681E585B3E997ADE79A84E7A9BAE997B2E8BF9EE68EA5EFBC8CE58D95E4BD8DE698AFE6AFABE7A7920D0A2020202074696D654265747765656E4576696374696F6E52756E734D696C6C69733A2036303030300D0A202020202320E9858DE7BDAEE4B880E4B8AAE8BF9EE68EA5E59CA8E6B1A0E4B8ADE69C80E5B08FE7949FE5AD98E79A84E697B6E997B4EFBC8CE58D95E4BD8DE698AFE6AFABE7A7920D0A202020206D696E457669637461626C6549646C6554696D654D696C6C69733A203330303030300D0A2020202076616C69646174696F6E51756572793A2053454C45435420312046524F4D204455414C0D0A20202020746573745768696C6549646C653A20747275650D0A20202020746573744F6E426F72726F773A2066616C73650D0A20202020746573744F6E52657475726E3A2066616C73650D0A202020202320E68993E5BC8050534361636865EFBC8CE5B9B6E4B894E68C87E5AE9AE6AF8FE4B8AAE8BF9EE68EA5E4B88A50534361636865E79A84E5A4A7E5B08F0D0A20202020706F6F6C507265706172656453746174656D656E74733A20747275650D0A202020206D6178506F6F6C507265706172656453746174656D656E74506572436F6E6E656374696F6E53697A653A2032300D0A202020202320E9858DE7BDAEE79B91E68EA7E7BB9FE8AEA1E68BA6E688AAE79A8466696C74657273EFBC8CE58EBBE68E89E5908EE79B91E68EA7E7958CE99DA273716CE697A0E6B395E7BB9FE8AEA1EFBC8C2777616C6C27E794A8E4BA8EE998B2E781ABE5A2990D0A2020202066696C746572733A20737461742C77616C6C2C6C6F67346A0D0A202020202320E9809AE8BF87636F6E6E65637450726F70657274696573E5B19EE680A7E69DA5E68993E5BC806D6572676553716CE58A9FE883BDEFBC9BE685A253514CE8AEB0E5BD950D0A20202020636F6E6E656374696F6E50726F706572746965733A2064727569642E737461742E6D6572676553716C3D747275653B64727569642E737461742E736C6F7753716C4D696C6C69733D353030300D0A202020202320E59088E5B9B6E5A49AE4B8AA447275696444617461536F75726365E79A84E79B91E68EA7E695B0E68DAE0D0A20202020757365476C6F62616C44617461536F75726365537461743A20747275650D0A20202020232323232323232323232323232323E4BBA5E4B88AE4B8BAE9858DE7BDAE6472756964E6B7BBE58AA0E79A84E9858DE7BDAE0D0A0D0A23206D796261746973E9858DE7BDAE0D0A6D7962617469733A0D0A202020202320E6909CE7B4A2E68C87E5AE9AE58C85E588ABE5908D0D0A2020202074797065416C69617365735061636B6167653A20636F6D2E74636F6973732E6462736F757263652E646F6D61696E0D0A202020202320E9858DE7BDAE6D6170706572E79A84E689ABE68F8FEFBC8CE689BEE588B0E68980E69C89E79A846D61707065722E786D6CE698A0E5B084E69687E4BBB60D0A202020206D61707065724C6F636174696F6E733A20636C617373706174683A6D61707065722F2A2A2F2A2E786D6C0D0A0D0A232073776167676572E9858DE7BDAE0D0A737761676765723A0D0A20207469746C653A20E5AE9AE697B6E4BBBBE58AA1E68EA5E58FA3E69687E6A1A30D0A20206C6963656E73653A20506F77657265642042792072756F79690D0A20206C6963656E736555726C3A2068747470733A2F2F72756F79692E7669700D0A2020617574686F72697A6174696F6E3A0D0A202020206E616D653A2052756F5969204F417574680D0A20202020617574682D72656765783A205E2E2A240D0A20202020617574686F72697A6174696F6E2D73636F70652D6C6973743A0D0A2020202020202D2073636F70653A207365727665720D0A20202020202020206465736372697074696F6E3A20E5AEA2E688B7E7ABAFE68E88E69D83E88C83E59BB40D0A20202020746F6B656E2D75726C2D6C6973743A0D0A2020202020202D20687474703A2F2F6C6F63616C686F73743A383038302F617574682F6F617574682F746F6B656E0D0A, 'a863b306bf8393675f5e63475061ffa4', '2021-01-18 15:14:55', '2021-01-18 15:14:56', null, '0:0:0:0:0:0:0:1', 'I', '');
INSERT INTO `his_config_info` VALUES ('43', '43', 'tcoiss-dbsource-dev.yml', 'DEFAULT_GROUP', '', 0x2320737072696E67E9858DE7BDAE0D0A737072696E673A200D0A202072656469733A0D0A20202020686F73743A206C6F63616C686F73740D0A20202020706F72743A20363337390D0A2020202070617373776F72643A203132333435360D0A202064617461736F757263653A0D0A202020206472697665722D636C6173732D6E616D653A20636F6D2E6D7973716C2E636A2E6A6462632E4472697665720D0A2020202075726C3A206A6462633A6D7973716C3A2F2F6C6F63616C686F73743A333330362F72792D636C6F75643F757365556E69636F64653D7472756526636861726163746572456E636F64696E673D75746638267A65726F4461746554696D654265686176696F723D636F6E76657274546F4E756C6C2675736553534C3D747275652673657276657254696D657A6F6E653D474D54253242380D0A20202020757365726E616D653A20726F6F740D0A2020202070617373776F72643A203132333435360D0A20202020747970653A20636F6D2E616C69626162612E64727569642E706F6F6C2E447275696444617461536F757263650D0A202020202320E4B88BE99DA2E4B8BAE8BF9EE68EA5E6B1A0E79A84E8A1A5E58585E8AEBEE7BDAEEFBC8CE5BA94E794A8E588B0E4B88AE99DA2E68980E69C89E695B0E68DAEE6BA90E4B8AD0D0A202020202320E5889DE5A78BE58C96E5A4A7E5B08FEFBC8CE69C80E5B08FEFBC8CE69C80E5A4A70D0A20202020696E697469616C53697A653A20350D0A202020206D696E49646C653A20350D0A202020206D61784163746976653A2032300D0A202020202320E9858DE7BDAEE88EB7E58F96E8BF9EE68EA5E7AD89E5BE85E8B685E697B6E79A84E697B6E997B40D0A202020206D6178576169743A2036303030300D0A202020202320E9858DE7BDAEE997B4E99A94E5A49AE4B985E6898DE8BF9BE8A18CE4B880E6ACA1E6A380E6B58BEFBC8CE6A380E6B58BE99C80E8A681E585B3E997ADE79A84E7A9BAE997B2E8BF9EE68EA5EFBC8CE58D95E4BD8DE698AFE6AFABE7A7920D0A2020202074696D654265747765656E4576696374696F6E52756E734D696C6C69733A2036303030300D0A202020202320E9858DE7BDAEE4B880E4B8AAE8BF9EE68EA5E59CA8E6B1A0E4B8ADE69C80E5B08FE7949FE5AD98E79A84E697B6E997B4EFBC8CE58D95E4BD8DE698AFE6AFABE7A7920D0A202020206D696E457669637461626C6549646C6554696D654D696C6C69733A203330303030300D0A2020202076616C69646174696F6E51756572793A2053454C45435420312046524F4D204455414C0D0A20202020746573745768696C6549646C653A20747275650D0A20202020746573744F6E426F72726F773A2066616C73650D0A20202020746573744F6E52657475726E3A2066616C73650D0A202020202320E68993E5BC8050534361636865EFBC8CE5B9B6E4B894E68C87E5AE9AE6AF8FE4B8AAE8BF9EE68EA5E4B88A50534361636865E79A84E5A4A7E5B08F0D0A20202020706F6F6C507265706172656453746174656D656E74733A20747275650D0A202020206D6178506F6F6C507265706172656453746174656D656E74506572436F6E6E656374696F6E53697A653A2032300D0A202020202320E9858DE7BDAEE79B91E68EA7E7BB9FE8AEA1E68BA6E688AAE79A8466696C74657273EFBC8CE58EBBE68E89E5908EE79B91E68EA7E7958CE99DA273716CE697A0E6B395E7BB9FE8AEA1EFBC8C2777616C6C27E794A8E4BA8EE998B2E781ABE5A2990D0A2020202066696C746572733A20737461742C77616C6C2C6C6F67346A0D0A202020202320E9809AE8BF87636F6E6E65637450726F70657274696573E5B19EE680A7E69DA5E68993E5BC806D6572676553716CE58A9FE883BDEFBC9BE685A253514CE8AEB0E5BD950D0A20202020636F6E6E656374696F6E50726F706572746965733A2064727569642E737461742E6D6572676553716C3D747275653B64727569642E737461742E736C6F7753716C4D696C6C69733D353030300D0A202020202320E59088E5B9B6E5A49AE4B8AA447275696444617461536F75726365E79A84E79B91E68EA7E695B0E68DAE0D0A20202020757365476C6F62616C44617461536F75726365537461743A20747275650D0A20202020232323232323232323232323232323E4BBA5E4B88AE4B8BAE9858DE7BDAE6472756964E6B7BBE58AA0E79A84E9858DE7BDAE0D0A0D0A23206D796261746973E9858DE7BDAE0D0A6D7962617469733A0D0A202020202320E6909CE7B4A2E68C87E5AE9AE58C85E588ABE5908D0D0A2020202074797065416C69617365735061636B6167653A20636F6D2E74636F6973732E6462736F757263652E646F6D61696E0D0A202020202320E9858DE7BDAE6D6170706572E79A84E689ABE68F8FEFBC8CE689BEE588B0E68980E69C89E79A846D61707065722E786D6CE698A0E5B084E69687E4BBB60D0A202020206D61707065724C6F636174696F6E733A20636C617373706174683A6D61707065722F2A2A2F2A2E786D6C0D0A0D0A232073776167676572E9858DE7BDAE0D0A737761676765723A0D0A20207469746C653A20E5AE9AE697B6E4BBBBE58AA1E68EA5E58FA3E69687E6A1A30D0A20206C6963656E73653A20506F77657265642042792072756F79690D0A20206C6963656E736555726C3A2068747470733A2F2F72756F79692E7669700D0A2020617574686F72697A6174696F6E3A0D0A202020206E616D653A2052756F5969204F417574680D0A20202020617574682D72656765783A205E2E2A240D0A20202020617574686F72697A6174696F6E2D73636F70652D6C6973743A0D0A2020202020202D2073636F70653A207365727665720D0A20202020202020206465736372697074696F6E3A20E5AEA2E688B7E7ABAFE68E88E69D83E88C83E59BB40D0A20202020746F6B656E2D75726C2D6C6973743A0D0A2020202020202D20687474703A2F2F6C6F63616C686F73743A383038302F617574682F6F617574682F746F6B656E0D0A, 'a863b306bf8393675f5e63475061ffa4', '2021-01-18 15:20:42', '2021-01-18 15:20:43', null, '0:0:0:0:0:0:0:1', 'U', '');
INSERT INTO `his_config_info` VALUES ('0', '44', 'tcoiss-webservice-dev.yml', 'DEFAULT_GROUP', '', 0x6364, '6865aeb3a9ed28f9a79ec454b259e5d0', '2021-01-18 17:32:08', '2021-01-18 17:32:09', null, '0:0:0:0:0:0:0:1', 'I', '');
INSERT INTO `his_config_info` VALUES ('45', '45', 'tcoiss-webservice-dev.yml', 'DEFAULT_GROUP', '', 0x6364, '6865aeb3a9ed28f9a79ec454b259e5d0', '2021-01-18 17:36:27', '2021-01-18 17:36:27', null, '0:0:0:0:0:0:0:1', 'U', '');
INSERT INTO `his_config_info` VALUES ('45', '46', 'tcoiss-webservice-dev.yml', 'DEFAULT_GROUP', '', 0x2320737072696E67E9858DE7BDAE0D0A737072696E673A200D0A202072656469733A0D0A20202020686F73743A206C6F63616C686F73740D0A20202020706F72743A20363337390D0A2020202070617373776F72643A203132333435360D0A202064617461736F757263653A200D0A202020206472697665722D636C6173732D6E616D653A20636F6D2E6D7973716C2E636A2E6A6462632E4472697665720D0A2020202075726C3A206A6462633A6D7973716C3A2F2F6C6F63616C686F73743A333330362F73705F73797374656D3F757365556E69636F64653D7472756526636861726163746572456E636F64696E673D75746638267A65726F4461746554696D654265686176696F723D636F6E76657274546F4E756C6C2675736553534C3D747275652673657276657254696D657A6F6E653D474D54253242380D0A20202020757365726E616D653A20726F6F740D0A2020202070617373776F72643A203132333435360D0A0D0A23206D796261746973E9858DE7BDAE0D0A6D7962617469733A0D0A202020202320E6909CE7B4A2E68C87E5AE9AE58C85E588ABE5908D0D0A2020202074797065416C69617365735061636B6167653A20636F6D2E74636F6973732E776562736572766963652E646F6D61696E0D0A202020202320E9858DE7BDAE6D6170706572E79A84E689ABE68F8FEFBC8CE689BEE588B0E68980E69C89E79A846D61707065722E786D6CE698A0E5B084E69687E4BBB60D0A202020206D61707065724C6F636174696F6E733A20636C617373706174683A6D61707065722F2A2A2F2A2E786D6C0D0A0D0A232073776167676572E9858DE7BDAE0D0A737761676765723A0D0A20207469746C653A20E4BBA3E7A081E7949FE68890E68EA5E58FA3E69687E6A1A30D0A20206C6963656E73653A20506F77657265642042792072756F79690D0A20206C6963656E736555726C3A2068747470733A2F2F72756F79692E7669700D0A2020617574686F72697A6174696F6E3A0D0A202020206E616D653A2052756F5969204F417574680D0A20202020617574682D72656765783A205E2E2A240D0A20202020617574686F72697A6174696F6E2D73636F70652D6C6973743A0D0A2020202020202D2073636F70653A207365727665720D0A20202020202020206465736372697074696F6E3A20E5AEA2E688B7E7ABAFE68E88E69D83E88C83E59BB40D0A20202020746F6B656E2D75726C2D6C6973743A0D0A2020202020202D20687474703A2F2F6C6F63616C686F73743A383038302F617574682F6F617574682F746F6B656E0D0A0D0A232068747470E8BF9EE68EA5E9858DE7BDAE0D0A687474703A0D0A202023E5889BE5BBBAE8BF9EE68EA5E79A84E69C80E995BFE697B6E997B40D0A2020636F6E6E65637454696D656F75743A20313030300D0A202023E4BB8EE8BF9EE68EA5E6B1A0E4B8ADE88EB7E58F96E588B0E8BF9EE68EA5E79A84E69C80E995BFE697B6E997B40D0A2020636F6E6E656374696F6E5265717565737454696D656F75743A203530300D0A202023E5B9B6E58F91E695B00D0A202064656661756C744D6178506572526F7574653A2032300D0A202023E69C80E5A4A7E8BF9EE68EA5E695B00D0A20206D6178546F74616C3A203130300D0A202023E695B0E68DAEE4BCA0E8BE93E79A84E69C80E995BFE697B6E997B40D0A2020736F636B657454696D656F75743A2031303030300D0A202023E68F90E4BAA4E8AFB7E6B182E5898DE6B58BE8AF95E8BF9EE68EA5E698AFE590A6E58FAFE794A80D0A20207374616C65436F6E6E656374696F6E436865636B456E61626C65643A20747275650D0A0D0A, '798cfd870472865b5bbea75122897e73', '2021-01-18 17:36:53', '2021-01-18 17:36:53', null, '0:0:0:0:0:0:0:1', 'U', '');
INSERT INTO `his_config_info` VALUES ('17', '47', 'tcoiss-gateway-dev.yml', 'DEFAULT_GROUP', '', 0x737072696E673A0D0A202072656469733A0D0A20202020686F73743A206C6F63616C686F73740D0A20202020706F72743A20363337390D0A2020202070617373776F72643A203132333435360D0A2020636C6F75643A0D0A20202020676174657761793A0D0A202020202020646973636F766572793A0D0A20202020202020206C6F6361746F723A0D0A202020202020202020206C6F776572436173655365727669636549643A20747275650D0A20202020202020202020656E61626C65643A20747275650D0A202020202020726F757465733A0D0A20202020202020202320E8AEA4E8AF81E4B8ADE5BF830D0A20202020202020202D2069643A2074636F6973732D617574680D0A202020202020202020207572693A206C623A2F2F74636F6973732D617574680D0A20202020202020202020707265646963617465733A0D0A2020202020202020202020202D20506174683D2F617574682F2A2A0D0A2020202020202020202066696C746572733A0D0A2020202020202020202020202320E9AA8CE8AF81E7A081E5A484E790860D0A2020202020202020202020202D2043616368655265717565737446696C7465720D0A2020202020202020202020202D2056616C6964617465436F646546696C7465720D0A2020202020202020202020202D2053747269705072656669783D310D0A20202020202020202320E4BBA3E7A081E7949FE688900D0A20202020202020202D2069643A2074636F6973732D67656E0D0A202020202020202020207572693A206C623A2F2F74636F6973732D67656E0D0A20202020202020202020707265646963617465733A0D0A2020202020202020202020202D20506174683D2F636F64652F2A2A0D0A2020202020202020202066696C746572733A0D0A2020202020202020202020202D2053747269705072656669783D310D0A20202020202020202320E7B3BBE7BB9FE6A8A1E59D970D0A20202020202020202D2069643A2074636F6973732D73797374656D0D0A202020202020202020207572693A206C623A2F2F74636F6973732D73797374656D0D0A20202020202020202020707265646963617465733A0D0A2020202020202020202020202D20506174683D2F73797374656D2F2A2A0D0A2020202020202020202066696C746572733A0D0A2020202020202020202020202D2053747269705072656669783D310D0A20202020202020202320E69687E4BBB6E69C8DE58AA10D0A20202020202020202D2069643A2074636F6973732D66696C650D0A202020202020202020207572693A206C623A2F2F74636F6973732D66696C650D0A20202020202020202020707265646963617465733A0D0A2020202020202020202020202D20506174683D2F66696C652F2A2A0D0A2020202020202020202066696C746572733A0D0A2020202020202020202020202D2053747269705072656669783D310D0A0D0A2320E4B88DE6A0A1E9AA8CE799BDE5908DE58D950D0A69676E6F72653A0D0A20207768697465733A0D0A202020202D202F617574682F6C6F676F75740D0A202020202D202F617574682F6C6F67696E0D0A202020202D202F2A2F76322F6170692D646F63730D0A202020202D202F637372660D0A, '19e8c2bad0427f23d6eece1ec55aff77', '2021-01-19 15:14:45', '2021-01-19 15:14:45', null, '0:0:0:0:0:0:0:1', 'U', '');
INSERT INTO `his_config_info` VALUES ('43', '48', 'tcoiss-dbsource-dev.yml', 'DEFAULT_GROUP', '', 0x2320737072696E67E9858DE7BDAE0D0A737072696E673A200D0A202072656469733A0D0A20202020686F73743A206C6F63616C686F73740D0A20202020706F72743A20363337390D0A2020202070617373776F72643A203132333435360D0A202064617461736F757263653A0D0A20202020647269766572436C6173734E616D653A20636F6D2E6D7973716C2E636A2E6A6462632E4472697665720D0A2020202075726C3A206A6462633A6D7973716C3A2F2F6C6F63616C686F73743A333330362F73705F73797374656D3F757365556E69636F64653D7472756526636861726163746572456E636F64696E673D75746638267A65726F4461746554696D654265686176696F723D636F6E76657274546F4E756C6C2675736553534C3D747275652673657276657254696D657A6F6E653D474D54253242380D0A20202020757365726E616D653A20726F6F740D0A2020202070617373776F72643A203132333435360D0A20202020747970653A20636F6D2E616C69626162612E64727569642E706F6F6C2E447275696444617461536F757263650D0A202020202320E4B88BE99DA2E4B8BAE8BF9EE68EA5E6B1A0E79A84E8A1A5E58585E8AEBEE7BDAEEFBC8CE5BA94E794A8E588B0E4B88AE99DA2E68980E69C89E695B0E68DAEE6BA90E4B8AD0D0A202020202320E5889DE5A78BE58C96E5A4A7E5B08FEFBC8CE69C80E5B08FEFBC8CE69C80E5A4A70D0A20202020696E697469616C53697A653A20350D0A202020206D696E49646C653A20350D0A202020206D61784163746976653A2032300D0A202020202320E9858DE7BDAEE88EB7E58F96E8BF9EE68EA5E7AD89E5BE85E8B685E697B6E79A84E697B6E997B40D0A202020206D6178576169743A2036303030300D0A202020202320E9858DE7BDAEE997B4E99A94E5A49AE4B985E6898DE8BF9BE8A18CE4B880E6ACA1E6A380E6B58BEFBC8CE6A380E6B58BE99C80E8A681E585B3E997ADE79A84E7A9BAE997B2E8BF9EE68EA5EFBC8CE58D95E4BD8DE698AFE6AFABE7A7920D0A2020202074696D654265747765656E4576696374696F6E52756E734D696C6C69733A2036303030300D0A202020202320E9858DE7BDAEE4B880E4B8AAE8BF9EE68EA5E59CA8E6B1A0E4B8ADE69C80E5B08FE7949FE5AD98E79A84E697B6E997B4EFBC8CE58D95E4BD8DE698AFE6AFABE7A7920D0A202020206D696E457669637461626C6549646C6554696D654D696C6C69733A203330303030300D0A2020202076616C69646174696F6E51756572793A2053454C45435420312046524F4D204455414C0D0A20202020746573745768696C6549646C653A20747275650D0A20202020746573744F6E426F72726F773A2066616C73650D0A20202020746573744F6E52657475726E3A2066616C73650D0A202020202320E68993E5BC8050534361636865EFBC8CE5B9B6E4B894E68C87E5AE9AE6AF8FE4B8AAE8BF9EE68EA5E4B88A50534361636865E79A84E5A4A7E5B08F0D0A20202020706F6F6C507265706172656453746174656D656E74733A20747275650D0A202020206D6178506F6F6C507265706172656453746174656D656E74506572436F6E6E656374696F6E53697A653A2032300D0A202020202320E9858DE7BDAEE79B91E68EA7E7BB9FE8AEA1E68BA6E688AAE79A8466696C74657273EFBC8CE58EBBE68E89E5908EE79B91E68EA7E7958CE99DA273716CE697A0E6B395E7BB9FE8AEA1EFBC8C2777616C6C27E794A8E4BA8EE998B2E781ABE5A2990D0A2020202066696C746572733A20737461742C77616C6C2C6C6F67346A0D0A202020202320E9809AE8BF87636F6E6E65637450726F70657274696573E5B19EE680A7E69DA5E68993E5BC806D6572676553716CE58A9FE883BDEFBC9BE685A253514CE8AEB0E5BD950D0A20202020636F6E6E656374696F6E50726F706572746965733A2064727569642E737461742E6D6572676553716C3D747275653B64727569642E737461742E736C6F7753716C4D696C6C69733D353030300D0A202020202320E59088E5B9B6E5A49AE4B8AA447275696444617461536F75726365E79A84E79B91E68EA7E695B0E68DAE0D0A20202020757365476C6F62616C44617461536F75726365537461743A20747275650D0A20202020232323232323232323232323232323E4BBA5E4B88AE4B8BAE9858DE7BDAE6472756964E6B7BBE58AA0E79A84E9858DE7BDAE0D0A0D0A23206D796261746973E9858DE7BDAE0D0A6D7962617469733A0D0A202020202320E6909CE7B4A2E68C87E5AE9AE58C85E588ABE5908D0D0A2020202074797065416C69617365735061636B6167653A20636F6D2E74636F6973732E6462736F757263652E646F6D61696E0D0A202020202320E9858DE7BDAE6D6170706572E79A84E689ABE68F8FEFBC8CE689BEE588B0E68980E69C89E79A846D61707065722E786D6CE698A0E5B084E69687E4BBB60D0A202020206D61707065724C6F636174696F6E733A20636C617373706174683A6D61707065722F2A2A2F2A2E786D6C0D0A0D0A232073776167676572E9858DE7BDAE0D0A737761676765723A0D0A20207469746C653A20E5AE9AE697B6E4BBBBE58AA1E68EA5E58FA3E69687E6A1A30D0A20206C6963656E73653A20506F77657265642042792072756F79690D0A20206C6963656E736555726C3A2068747470733A2F2F72756F79692E7669700D0A2020617574686F72697A6174696F6E3A0D0A202020206E616D653A2052756F5969204F417574680D0A20202020617574682D72656765783A205E2E2A240D0A20202020617574686F72697A6174696F6E2D73636F70652D6C6973743A0D0A2020202020202D2073636F70653A207365727665720D0A20202020202020206465736372697074696F6E3A20E5AEA2E688B7E7ABAFE68E88E69D83E88C83E59BB40D0A20202020746F6B656E2D75726C2D6C6973743A0D0A2020202020202D20687474703A2F2F6C6F63616C686F73743A383038302F617574682F6F617574682F746F6B656E0D0A, 'cb7ffc1c13501e3bdbc386ba76021c0c', '2021-01-19 16:01:55', '2021-01-19 16:01:55', null, '0:0:0:0:0:0:0:1', 'U', '');
INSERT INTO `his_config_info` VALUES ('43', '49', 'tcoiss-dbsource-dev.yml', 'DEFAULT_GROUP', '', 0x2320737072696E67E9858DE7BDAE0D0A737072696E673A200D0A202072656469733A0D0A20202020686F73743A206C6F63616C686F73740D0A20202020706F72743A20363337390D0A2020202070617373776F72643A203132333435360D0A202064617461736F757263653A0D0A20202020647269766572436C6173734E616D653A20636F6D2E6D7973716C2E636A2E6A6462632E4472697665720D0A2020202075726C3A206A6462633A6D7973716C3A2F2F6C6F63616C686F73743A333330362F73705F73797374656D3F757365556E69636F64653D7472756526636861726163746572456E636F64696E673D75746638267A65726F4461746554696D654265686176696F723D636F6E76657274546F4E756C6C2675736553534C3D747275652673657276657254696D657A6F6E653D474D54253242380D0A20202020757365726E616D653A20726F6F740D0A2020202070617373776F72643A203132333435360D0A20202020747970653A20636F6D2E616C69626162612E64727569642E706F6F6C2E447275696444617461536F757263650D0A202020202320E4B88BE99DA2E4B8BAE8BF9EE68EA5E6B1A0E79A84E8A1A5E58585E8AEBEE7BDAEEFBC8CE5BA94E794A8E588B0E4B88AE99DA2E68980E69C89E695B0E68DAEE6BA90E4B8AD0D0A202020202320E5889DE5A78BE58C96E5A4A7E5B08FEFBC8CE69C80E5B08FEFBC8CE69C80E5A4A70D0A20202020696E697469616C53697A653A20350D0A202020206D696E49646C653A20350D0A202020206D61784163746976653A2032300D0A202020202320E9858DE7BDAEE88EB7E58F96E8BF9EE68EA5E7AD89E5BE85E8B685E697B6E79A84E697B6E997B40D0A202020206D6178576169743A2036303030300D0A202020202320E9858DE7BDAEE997B4E99A94E5A49AE4B985E6898DE8BF9BE8A18CE4B880E6ACA1E6A380E6B58BEFBC8CE6A380E6B58BE99C80E8A681E585B3E997ADE79A84E7A9BAE997B2E8BF9EE68EA5EFBC8CE58D95E4BD8DE698AFE6AFABE7A7920D0A2020202074696D654265747765656E4576696374696F6E52756E734D696C6C69733A2036303030300D0A202020202320E9858DE7BDAEE4B880E4B8AAE8BF9EE68EA5E59CA8E6B1A0E4B8ADE69C80E5B08FE7949FE5AD98E79A84E697B6E997B4EFBC8CE58D95E4BD8DE698AFE6AFABE7A7920D0A202020206D696E457669637461626C6549646C6554696D654D696C6C69733A203330303030300D0A2020202076616C69646174696F6E51756572793A2053454C45435420312046524F4D204455414C0D0A20202020746573745768696C6549646C653A20747275650D0A20202020746573744F6E426F72726F773A2066616C73650D0A20202020746573744F6E52657475726E3A2066616C73650D0A202020202320E68993E5BC8050534361636865EFBC8CE5B9B6E4B894E68C87E5AE9AE6AF8FE4B8AAE8BF9EE68EA5E4B88A50534361636865E79A84E5A4A7E5B08F0D0A20202020706F6F6C507265706172656453746174656D656E74733A20747275650D0A202020206D6178506F6F6C507265706172656453746174656D656E74506572436F6E6E656374696F6E53697A653A2032300D0A202020202320E9858DE7BDAEE79B91E68EA7E7BB9FE8AEA1E68BA6E688AAE79A8466696C74657273EFBC8CE58EBBE68E89E5908EE79B91E68EA7E7958CE99DA273716CE697A0E6B395E7BB9FE8AEA1EFBC8C2777616C6C27E794A8E4BA8EE998B2E781ABE5A2990D0A2020202066696C746572733A20737461742C77616C6C2C6C6F67346A0D0A202020202320E9809AE8BF87636F6E6E65637450726F70657274696573E5B19EE680A7E69DA5E68993E5BC806D6572676553716CE58A9FE883BDEFBC9BE685A253514CE8AEB0E5BD950D0A20202020636F6E6E656374696F6E50726F706572746965733A2064727569642E737461742E6D6572676553716C3D747275653B64727569642E737461742E736C6F7753716C4D696C6C69733D353030300D0A202020202320E59088E5B9B6E5A49AE4B8AA447275696444617461536F75726365E79A84E79B91E68EA7E695B0E68DAE0D0A20202020757365476C6F62616C44617461536F75726365537461743A20747275650D0A20202020232323232323232323232323232323E4BBA5E4B88AE4B8BAE9858DE7BDAE6472756964E6B7BBE58AA0E79A84E9858DE7BDAE0D0A0D0A23206D796261746973E9858DE7BDAE0D0A6D7962617469733A0D0A202020202320E6909CE7B4A2E68C87E5AE9AE58C85E588ABE5908D0D0A2020202074797065416C69617365735061636B6167653A20636F6D2E74636F6973732E6462736F757263652E646F6D61696E0D0A202020202320E9858DE7BDAE6D6170706572E79A84E689ABE68F8FEFBC8CE689BEE588B0E68980E69C89E79A846D61707065722E786D6CE698A0E5B084E69687E4BBB60D0A202020206D61707065724C6F636174696F6E733A20636C617373706174683A6D61707065722F2A2A2F2A2E786D6C0D0A0D0A232073776167676572E9858DE7BDAE0D0A737761676765723A0D0A20207469746C653A20E5AE9AE697B6E4BBBBE58AA1E68EA5E58FA3E69687E6A1A30D0A20206C6963656E73653A20506F77657265642042792072756F79690D0A20206C6963656E736555726C3A2068747470733A2F2F72756F79692E7669700D0A2020617574686F72697A6174696F6E3A0D0A202020206E616D653A2052756F5969204F417574680D0A20202020617574682D72656765783A205E2E2A240D0A20202020617574686F72697A6174696F6E2D73636F70652D6C6973743A0D0A2020202020202D2073636F70653A207365727665720D0A20202020202020206465736372697074696F6E3A20E5AEA2E688B7E7ABAFE68E88E69D83E88C83E59BB40D0A20202020746F6B656E2D75726C2D6C6973743A0D0A2020202020202D20687474703A2F2F6C6F63616C686F73743A383038302F617574682F6F617574682F746F6B656E0D0A, 'cb7ffc1c13501e3bdbc386ba76021c0c', '2021-01-19 16:06:38', '2021-01-19 16:06:39', null, '0:0:0:0:0:0:0:1', 'U', '');
INSERT INTO `his_config_info` VALUES ('45', '50', 'tcoiss-webservice-dev.yml', 'DEFAULT_GROUP', '', 0x2320737072696E67E9858DE7BDAE0D0A737072696E673A200D0A202072656469733A0D0A20202020686F73743A206C6F63616C686F73740D0A20202020706F72743A20363337390D0A2020202070617373776F72643A203132333435360D0A202064617461736F757263653A200D0A202020206472697665722D636C6173732D6E616D653A20636F6D2E6D7973716C2E636A2E6A6462632E4472697665720D0A2020202075726C3A206A6462633A6D7973716C3A2F2F6C6F63616C686F73743A333330362F73705F73797374656D3F757365556E69636F64653D7472756526636861726163746572456E636F64696E673D75746638267A65726F4461746554696D654265686176696F723D636F6E76657274546F4E756C6C2675736553534C3D747275652673657276657254696D657A6F6E653D474D54253242380D0A20202020757365726E616D653A20726F6F740D0A2020202070617373776F72643A203132333435360D0A0D0A23206D796261746973E9858DE7BDAE0D0A6D7962617469733A0D0A202020202320E6909CE7B4A2E68C87E5AE9AE58C85E588ABE5908D0D0A2020202074797065416C69617365735061636B6167653A20636F6D2E74636F6973732E776562736572766963652E646F6D61696E0D0A202020202320E9858DE7BDAE6D6170706572E79A84E689ABE68F8FEFBC8CE689BEE588B0E68980E69C89E79A846D61707065722E786D6CE698A0E5B084E69687E4BBB60D0A202020206D61707065724C6F636174696F6E733A20636C617373706174683A6D61707065722F2A2A2F2A2E786D6C0D0A0D0A232073776167676572E9858DE7BDAE0D0A737761676765723A0D0A20207469746C653A20E4BBA3E7A081E7949FE68890E68EA5E58FA3E69687E6A1A30D0A20206C6963656E73653A20506F77657265642042792072756F79690D0A20206C6963656E736555726C3A2068747470733A2F2F72756F79692E7669700D0A2020617574686F72697A6174696F6E3A0D0A202020206E616D653A2052756F5969204F417574680D0A20202020617574682D72656765783A205E2E2A240D0A20202020617574686F72697A6174696F6E2D73636F70652D6C6973743A0D0A2020202020202D2073636F70653A207365727665720D0A20202020202020206465736372697074696F6E3A20E5AEA2E688B7E7ABAFE68E88E69D83E88C83E59BB40D0A20202020746F6B656E2D75726C2D6C6973743A0D0A2020202020202D20687474703A2F2F6C6F63616C686F73743A383038302F617574682F6F617574682F746F6B656E0D0A0D0A232068747470E8BF9EE68EA5E9858DE7BDAE0D0A687474703A0D0A202023E5889BE5BBBAE8BF9EE68EA5E79A84E69C80E995BFE697B6E997B40D0A2020636F6E6E65637454696D656F75743A20313030300D0A202023E4BB8EE8BF9EE68EA5E6B1A0E4B8ADE88EB7E58F96E588B0E8BF9EE68EA5E79A84E69C80E995BFE697B6E997B40D0A2020636F6E6E656374696F6E5265717565737454696D656F75743A203530300D0A202023E5B9B6E58F91E695B00D0A202064656661756C744D6178506572526F7574653A2032300D0A202023E69C80E5A4A7E8BF9EE68EA5E695B00D0A20206D6178546F74616C3A203130300D0A202023E695B0E68DAEE4BCA0E8BE93E79A84E69C80E995BFE697B6E997B40D0A2020736F636B657454696D656F75743A2031303030300D0A202023E68F90E4BAA4E8AFB7E6B182E5898DE6B58BE8AF95E8BF9EE68EA5E698AFE590A6E58FAFE794A80D0A20207374616C65436F6E6E656374696F6E436865636B456E61626C65643A20747275650D0A0D0A, '798cfd870472865b5bbea75122897e73', '2021-01-19 16:07:32', '2021-01-19 16:07:33', null, '0:0:0:0:0:0:0:1', 'U', '');

-- ----------------------------
-- Table structure for permissions
-- ----------------------------
DROP TABLE IF EXISTS `permissions`;
CREATE TABLE `permissions` (
  `role` varchar(50) COLLATE utf8mb4_unicode_ci NOT NULL,
  `resource` varchar(512) COLLATE utf8mb4_unicode_ci NOT NULL,
  `action` varchar(8) COLLATE utf8mb4_unicode_ci NOT NULL,
  UNIQUE KEY `uk_role_permission` (`role`,`resource`,`action`) USING BTREE
) ENGINE=InnoDB DEFAULT CHARSET=utf8mb4 COLLATE=utf8mb4_unicode_ci;

-- ----------------------------
-- Records of permissions
-- ----------------------------

-- ----------------------------
-- Table structure for roles
-- ----------------------------
DROP TABLE IF EXISTS `roles`;
CREATE TABLE `roles` (
  `username` varchar(50) COLLATE utf8mb4_unicode_ci NOT NULL,
  `role` varchar(50) COLLATE utf8mb4_unicode_ci NOT NULL,
  UNIQUE KEY `idx_user_role` (`username`,`role`) USING BTREE
) ENGINE=InnoDB DEFAULT CHARSET=utf8mb4 COLLATE=utf8mb4_unicode_ci;

-- ----------------------------
-- Records of roles
-- ----------------------------
INSERT INTO `roles` VALUES ('nacos', 'ROLE_ADMIN');

-- ----------------------------
-- Table structure for sys_config
-- ----------------------------
DROP TABLE IF EXISTS `sys_config`;
CREATE TABLE `sys_config` (
  `config_id` int(5) NOT NULL AUTO_INCREMENT COMMENT '参数主键',
  `config_name` varchar(100) COLLATE utf8mb4_unicode_ci DEFAULT '' COMMENT '参数名称',
  `config_key` varchar(100) COLLATE utf8mb4_unicode_ci DEFAULT '' COMMENT '参数键名',
  `config_value` varchar(500) COLLATE utf8mb4_unicode_ci DEFAULT '' COMMENT '参数键值',
  `config_type` char(1) COLLATE utf8mb4_unicode_ci DEFAULT 'N' COMMENT '系统内置（Y是 N否）',
  `create_by` varchar(64) COLLATE utf8mb4_unicode_ci DEFAULT '' COMMENT '创建者',
  `create_time` datetime DEFAULT NULL COMMENT '创建时间',
  `update_by` varchar(64) COLLATE utf8mb4_unicode_ci DEFAULT '' COMMENT '更新者',
  `update_time` datetime DEFAULT NULL COMMENT '更新时间',
  `remark` varchar(500) COLLATE utf8mb4_unicode_ci DEFAULT NULL COMMENT '备注',
  PRIMARY KEY (`config_id`)
) ENGINE=InnoDB AUTO_INCREMENT=4 DEFAULT CHARSET=utf8mb4 COLLATE=utf8mb4_unicode_ci COMMENT='参数配置表';

-- ----------------------------
-- Records of sys_config
-- ----------------------------
INSERT INTO `sys_config` VALUES ('1', '主框架页-默认皮肤样式名称', 'sys.index.skinName', 'skin-blue', 'Y', 'admin', '2018-03-16 11:33:00', 'ry', '2018-03-16 11:33:00', '蓝色 skin-blue、绿色 skin-green、紫色 skin-purple、红色 skin-red、黄色 skin-yellow');
INSERT INTO `sys_config` VALUES ('2', '用户管理-账号初始密码', 'sys.user.initPassword', '123456', 'Y', 'admin', '2018-03-16 11:33:00', 'ry', '2018-03-16 11:33:00', '初始化密码 123456');
INSERT INTO `sys_config` VALUES ('3', '主框架页-侧边栏主题', 'sys.index.sideTheme', 'theme-dark', 'Y', 'admin', '2018-03-16 11:33:00', 'ry', '2018-03-16 11:33:00', '深色主题theme-dark，浅色主题theme-light');

-- ----------------------------
-- Table structure for sys_dept
-- ----------------------------
DROP TABLE IF EXISTS `sys_dept`;
CREATE TABLE `sys_dept` (
  `dept_id` bigint(20) NOT NULL AUTO_INCREMENT COMMENT '部门id',
  `parent_id` bigint(20) DEFAULT '0' COMMENT '父部门id',
  `ancestors` varchar(50) COLLATE utf8mb4_unicode_ci DEFAULT '' COMMENT '祖级列表',
  `dept_name` varchar(30) COLLATE utf8mb4_unicode_ci DEFAULT '' COMMENT '部门名称',
  `order_num` int(4) DEFAULT '0' COMMENT '显示顺序',
  `leader` varchar(20) COLLATE utf8mb4_unicode_ci DEFAULT NULL COMMENT '负责人',
  `phone` varchar(11) COLLATE utf8mb4_unicode_ci DEFAULT NULL COMMENT '联系电话',
  `email` varchar(50) COLLATE utf8mb4_unicode_ci DEFAULT NULL COMMENT '邮箱',
  `status` char(1) COLLATE utf8mb4_unicode_ci DEFAULT '0' COMMENT '部门状态（0正常 1停用）',
  `del_flag` char(1) COLLATE utf8mb4_unicode_ci DEFAULT '0' COMMENT '删除标志（0代表存在 2代表删除）',
  `create_by` varchar(64) COLLATE utf8mb4_unicode_ci DEFAULT '' COMMENT '创建者',
  `create_time` datetime DEFAULT NULL COMMENT '创建时间',
  `update_by` varchar(64) COLLATE utf8mb4_unicode_ci DEFAULT '' COMMENT '更新者',
  `update_time` datetime DEFAULT NULL COMMENT '更新时间',
  PRIMARY KEY (`dept_id`)
) ENGINE=InnoDB AUTO_INCREMENT=110 DEFAULT CHARSET=utf8mb4 COLLATE=utf8mb4_unicode_ci COMMENT='部门表';

-- ----------------------------
-- Records of sys_dept
-- ----------------------------
INSERT INTO `sys_dept` VALUES ('100', '0', '0', '若依科技', '0', '若依', '15888888888', 'ry@qq.com', '0', '0', 'admin', '2018-03-16 11:33:00', 'ry', '2018-03-16 11:33:00');
INSERT INTO `sys_dept` VALUES ('101', '100', '0,100', '深圳总公司', '1', '若依', '15888888888', 'ry@qq.com', '0', '0', 'admin', '2018-03-16 11:33:00', 'ry', '2018-03-16 11:33:00');
INSERT INTO `sys_dept` VALUES ('102', '100', '0,100', '长沙分公司', '2', '若依', '15888888888', 'ry@qq.com', '0', '0', 'admin', '2018-03-16 11:33:00', 'ry', '2018-03-16 11:33:00');
INSERT INTO `sys_dept` VALUES ('103', '101', '0,100,101', '研发部门', '1', '若依', '15888888888', 'ry@qq.com', '0', '0', 'admin', '2018-03-16 11:33:00', 'ry', '2018-03-16 11:33:00');
INSERT INTO `sys_dept` VALUES ('104', '101', '0,100,101', '市场部门', '2', '若依', '15888888888', 'ry@qq.com', '0', '0', 'admin', '2018-03-16 11:33:00', 'ry', '2018-03-16 11:33:00');
INSERT INTO `sys_dept` VALUES ('105', '101', '0,100,101', '测试部门', '3', '若依', '15888888888', 'ry@qq.com', '0', '0', 'admin', '2018-03-16 11:33:00', 'ry', '2018-03-16 11:33:00');
INSERT INTO `sys_dept` VALUES ('106', '101', '0,100,101', '财务部门', '4', '若依', '15888888888', 'ry@qq.com', '0', '0', 'admin', '2018-03-16 11:33:00', 'ry', '2018-03-16 11:33:00');
INSERT INTO `sys_dept` VALUES ('107', '101', '0,100,101', '运维部门', '5', '若依', '15888888888', 'ry@qq.com', '0', '0', 'admin', '2018-03-16 11:33:00', 'ry', '2018-03-16 11:33:00');
INSERT INTO `sys_dept` VALUES ('108', '102', '0,100,102', '市场部门', '1', '若依', '15888888888', 'ry@qq.com', '0', '0', 'admin', '2018-03-16 11:33:00', 'ry', '2018-03-16 11:33:00');
INSERT INTO `sys_dept` VALUES ('109', '102', '0,100,102', '财务部门', '2', '若依', '15888888888', 'ry@qq.com', '0', '0', 'admin', '2018-03-16 11:33:00', 'ry', '2018-03-16 11:33:00');

-- ----------------------------
-- Table structure for sys_dict_data
-- ----------------------------
DROP TABLE IF EXISTS `sys_dict_data`;
CREATE TABLE `sys_dict_data` (
  `dict_code` bigint(20) NOT NULL AUTO_INCREMENT COMMENT '字典编码',
  `dict_sort` int(4) DEFAULT '0' COMMENT '字典排序',
  `dict_label` varchar(100) COLLATE utf8mb4_unicode_ci DEFAULT '' COMMENT '字典标签',
  `dict_value` varchar(100) COLLATE utf8mb4_unicode_ci DEFAULT '' COMMENT '字典键值',
  `dict_type` varchar(100) COLLATE utf8mb4_unicode_ci DEFAULT '' COMMENT '字典类型',
  `css_class` varchar(100) COLLATE utf8mb4_unicode_ci DEFAULT NULL COMMENT '样式属性（其他样式扩展）',
  `list_class` varchar(100) COLLATE utf8mb4_unicode_ci DEFAULT NULL COMMENT '表格回显样式',
  `is_default` char(1) COLLATE utf8mb4_unicode_ci DEFAULT 'N' COMMENT '是否默认（Y是 N否）',
  `status` char(1) COLLATE utf8mb4_unicode_ci DEFAULT '0' COMMENT '状态（0正常 1停用）',
  `create_by` varchar(64) COLLATE utf8mb4_unicode_ci DEFAULT '' COMMENT '创建者',
  `create_time` datetime DEFAULT NULL COMMENT '创建时间',
  `update_by` varchar(64) COLLATE utf8mb4_unicode_ci DEFAULT '' COMMENT '更新者',
  `update_time` datetime DEFAULT NULL COMMENT '更新时间',
  `remark` varchar(500) COLLATE utf8mb4_unicode_ci DEFAULT NULL COMMENT '备注',
  PRIMARY KEY (`dict_code`)
) ENGINE=InnoDB AUTO_INCREMENT=41 DEFAULT CHARSET=utf8mb4 COLLATE=utf8mb4_unicode_ci COMMENT='字典数据表';

-- ----------------------------
-- Records of sys_dict_data
-- ----------------------------
INSERT INTO `sys_dict_data` VALUES ('1', '1', '男', '0', 'sys_user_sex', '', '', 'Y', '0', 'admin', '2018-03-16 11:33:00', 'ry', '2018-03-16 11:33:00', '性别男');
INSERT INTO `sys_dict_data` VALUES ('2', '2', '女', '1', 'sys_user_sex', '', '', 'N', '0', 'admin', '2018-03-16 11:33:00', 'ry', '2018-03-16 11:33:00', '性别女');
INSERT INTO `sys_dict_data` VALUES ('3', '3', '未知', '2', 'sys_user_sex', '', '', 'N', '0', 'admin', '2018-03-16 11:33:00', 'ry', '2018-03-16 11:33:00', '性别未知');
INSERT INTO `sys_dict_data` VALUES ('4', '1', '显示', '0', 'sys_show_hide', '', 'primary', 'Y', '0', 'admin', '2018-03-16 11:33:00', 'ry', '2018-03-16 11:33:00', '显示菜单');
INSERT INTO `sys_dict_data` VALUES ('5', '2', '隐藏', '1', 'sys_show_hide', '', 'danger', 'N', '0', 'admin', '2018-03-16 11:33:00', 'ry', '2018-03-16 11:33:00', '隐藏菜单');
INSERT INTO `sys_dict_data` VALUES ('6', '1', '正常', '0', 'sys_normal_disable', '', 'primary', 'Y', '0', 'admin', '2018-03-16 11:33:00', 'ry', '2018-03-16 11:33:00', '正常状态');
INSERT INTO `sys_dict_data` VALUES ('7', '2', '停用', '1', 'sys_normal_disable', '', 'danger', 'N', '0', 'admin', '2018-03-16 11:33:00', 'ry', '2018-03-16 11:33:00', '停用状态');
INSERT INTO `sys_dict_data` VALUES ('8', '1', '正常', '0', 'sys_job_status', '', 'primary', 'Y', '0', 'admin', '2018-03-16 11:33:00', 'ry', '2018-03-16 11:33:00', '正常状态');
INSERT INTO `sys_dict_data` VALUES ('9', '2', '暂停', '1', 'sys_job_status', '', 'danger', 'N', '0', 'admin', '2018-03-16 11:33:00', 'ry', '2018-03-16 11:33:00', '停用状态');
INSERT INTO `sys_dict_data` VALUES ('10', '1', '默认', 'DEFAULT', 'sys_job_group', '', '', 'Y', '0', 'admin', '2018-03-16 11:33:00', 'ry', '2018-03-16 11:33:00', '默认分组');
INSERT INTO `sys_dict_data` VALUES ('11', '2', '系统', 'SYSTEM', 'sys_job_group', '', '', 'N', '0', 'admin', '2018-03-16 11:33:00', 'ry', '2018-03-16 11:33:00', '系统分组');
INSERT INTO `sys_dict_data` VALUES ('12', '1', '是', 'Y', 'sys_yes_no', '', 'primary', 'Y', '0', 'admin', '2018-03-16 11:33:00', 'ry', '2018-03-16 11:33:00', '系统默认是');
INSERT INTO `sys_dict_data` VALUES ('13', '2', '否', 'N', 'sys_yes_no', '', 'danger', 'N', '0', 'admin', '2018-03-16 11:33:00', 'ry', '2018-03-16 11:33:00', '系统默认否');
INSERT INTO `sys_dict_data` VALUES ('14', '1', '通知', '1', 'sys_notice_type', '', 'warning', 'Y', '0', 'admin', '2018-03-16 11:33:00', 'ry', '2018-03-16 11:33:00', '通知');
INSERT INTO `sys_dict_data` VALUES ('15', '2', '公告', '2', 'sys_notice_type', '', 'success', 'N', '0', 'admin', '2018-03-16 11:33:00', 'ry', '2018-03-16 11:33:00', '公告');
INSERT INTO `sys_dict_data` VALUES ('16', '1', '正常', '0', 'sys_notice_status', '', 'primary', 'Y', '0', 'admin', '2018-03-16 11:33:00', 'ry', '2018-03-16 11:33:00', '正常状态');
INSERT INTO `sys_dict_data` VALUES ('17', '2', '关闭', '1', 'sys_notice_status', '', 'danger', 'N', '0', 'admin', '2018-03-16 11:33:00', 'ry', '2018-03-16 11:33:00', '关闭状态');
INSERT INTO `sys_dict_data` VALUES ('18', '1', '新增', '1', 'sys_oper_type', '', 'info', 'N', '0', 'admin', '2018-03-16 11:33:00', 'ry', '2018-03-16 11:33:00', '新增操作');
INSERT INTO `sys_dict_data` VALUES ('19', '2', '修改', '2', 'sys_oper_type', '', 'info', 'N', '0', 'admin', '2018-03-16 11:33:00', 'ry', '2018-03-16 11:33:00', '修改操作');
INSERT INTO `sys_dict_data` VALUES ('20', '3', '删除', '3', 'sys_oper_type', '', 'danger', 'N', '0', 'admin', '2018-03-16 11:33:00', 'ry', '2018-03-16 11:33:00', '删除操作');
INSERT INTO `sys_dict_data` VALUES ('21', '4', '授权', '4', 'sys_oper_type', '', 'primary', 'N', '0', 'admin', '2018-03-16 11:33:00', 'ry', '2018-03-16 11:33:00', '授权操作');
INSERT INTO `sys_dict_data` VALUES ('22', '5', '导出', '5', 'sys_oper_type', '', 'warning', 'N', '0', 'admin', '2018-03-16 11:33:00', 'ry', '2018-03-16 11:33:00', '导出操作');
INSERT INTO `sys_dict_data` VALUES ('23', '6', '导入', '6', 'sys_oper_type', '', 'warning', 'N', '0', 'admin', '2018-03-16 11:33:00', 'ry', '2018-03-16 11:33:00', '导入操作');
INSERT INTO `sys_dict_data` VALUES ('24', '7', '强退', '7', 'sys_oper_type', '', 'danger', 'N', '0', 'admin', '2018-03-16 11:33:00', 'ry', '2018-03-16 11:33:00', '强退操作');
INSERT INTO `sys_dict_data` VALUES ('25', '8', '生成代码', '8', 'sys_oper_type', '', 'warning', 'N', '0', 'admin', '2018-03-16 11:33:00', 'ry', '2018-03-16 11:33:00', '生成操作');
INSERT INTO `sys_dict_data` VALUES ('26', '9', '清空数据', '9', 'sys_oper_type', '', 'danger', 'N', '0', 'admin', '2018-03-16 11:33:00', 'ry', '2018-03-16 11:33:00', '清空操作');
INSERT INTO `sys_dict_data` VALUES ('27', '1', '成功', '0', 'sys_common_status', '', 'primary', 'N', '0', 'admin', '2018-03-16 11:33:00', 'ry', '2018-03-16 11:33:00', '正常状态');
INSERT INTO `sys_dict_data` VALUES ('28', '2', '失败', '1', 'sys_common_status', '', 'danger', 'N', '0', 'admin', '2018-03-16 11:33:00', 'ry', '2018-03-16 11:33:00', '停用状态');
INSERT INTO `sys_dict_data` VALUES ('29', '1', '授权码模式', 'authorization_code', 'sys_grant_type', '', '', 'N', '0', 'admin', '2018-03-16 11:33:00', 'ry', '2018-03-16 11:33:00', '授权码模式');
INSERT INTO `sys_dict_data` VALUES ('30', '2', '密码模式', 'password', 'sys_grant_type', '', '', 'N', '0', 'admin', '2018-03-16 11:33:00', 'ry', '2018-03-16 11:33:00', '密码模式');
INSERT INTO `sys_dict_data` VALUES ('31', '3', '客户端模式', 'client_credentials', 'sys_grant_type', '', '', 'N', '0', 'admin', '2018-03-16 11:33:00', 'ry', '2018-03-16 11:33:00', '客户端模式');
INSERT INTO `sys_dict_data` VALUES ('32', '4', '简化模式', 'implicit', 'sys_grant_type', '', '', 'N', '0', 'admin', '2018-03-16 11:33:00', 'ry', '2018-03-16 11:33:00', '简化模式');
INSERT INTO `sys_dict_data` VALUES ('33', '5', '刷新模式', 'refresh_token', 'sys_grant_type', '', '', 'N', '0', 'admin', '2018-03-16 11:33:00', 'ry', '2018-03-16 11:33:00', '刷新模式');
INSERT INTO `sys_dict_data` VALUES ('34', '0', 'mysql数据库', 'MYSQL', 'database_type', null, null, 'N', '0', 'admin', '2021-01-19 10:22:52', '', null, null);
INSERT INTO `sys_dict_data` VALUES ('35', '0', 'sqlserver数据库', 'SQLSERVER', 'database_type', null, null, 'N', '0', 'admin', '2021-01-19 10:23:11', '', null, null);
INSERT INTO `sys_dict_data` VALUES ('36', '0', '创建', '0', 'data_level', null, null, 'N', '0', 'admin', '2021-01-19 10:26:42', '', null, null);
INSERT INTO `sys_dict_data` VALUES ('37', '1', '启用', '1', 'data_level', null, null, 'N', '0', 'admin', '2021-01-19 10:29:14', '', null, null);
INSERT INTO `sys_dict_data` VALUES ('38', '2', '禁用', '2', 'data_level', null, null, 'N', '0', 'admin', '2021-01-19 10:29:39', '', null, null);
INSERT INTO `sys_dict_data` VALUES ('39', '0', 'post请求', 'post', 'request_type', null, null, 'N', '0', 'admin', '2021-01-19 11:28:31', '', null, null);
INSERT INTO `sys_dict_data` VALUES ('40', '1', 'get请求', 'get', 'request_type', null, null, 'N', '0', 'admin', '2021-01-19 11:29:11', '', null, null);

-- ----------------------------
-- Table structure for sys_dict_type
-- ----------------------------
DROP TABLE IF EXISTS `sys_dict_type`;
CREATE TABLE `sys_dict_type` (
  `dict_id` bigint(20) NOT NULL AUTO_INCREMENT COMMENT '字典主键',
  `dict_name` varchar(100) COLLATE utf8mb4_unicode_ci DEFAULT '' COMMENT '字典名称',
  `dict_type` varchar(100) COLLATE utf8mb4_unicode_ci DEFAULT '' COMMENT '字典类型',
  `status` char(1) COLLATE utf8mb4_unicode_ci DEFAULT '0' COMMENT '状态（0正常 1停用）',
  `create_by` varchar(64) COLLATE utf8mb4_unicode_ci DEFAULT '' COMMENT '创建者',
  `create_time` datetime DEFAULT NULL COMMENT '创建时间',
  `update_by` varchar(64) COLLATE utf8mb4_unicode_ci DEFAULT '' COMMENT '更新者',
  `update_time` datetime DEFAULT NULL COMMENT '更新时间',
  `remark` varchar(500) COLLATE utf8mb4_unicode_ci DEFAULT NULL COMMENT '备注',
  PRIMARY KEY (`dict_id`),
  UNIQUE KEY `dict_type` (`dict_type`)
) ENGINE=InnoDB AUTO_INCREMENT=15 DEFAULT CHARSET=utf8mb4 COLLATE=utf8mb4_unicode_ci COMMENT='字典类型表';

-- ----------------------------
-- Records of sys_dict_type
-- ----------------------------
INSERT INTO `sys_dict_type` VALUES ('1', '用户性别', 'sys_user_sex', '0', 'admin', '2018-03-16 11:33:00', 'ry', '2018-03-16 11:33:00', '用户性别列表');
INSERT INTO `sys_dict_type` VALUES ('2', '菜单状态', 'sys_show_hide', '0', 'admin', '2018-03-16 11:33:00', 'ry', '2018-03-16 11:33:00', '菜单状态列表');
INSERT INTO `sys_dict_type` VALUES ('3', '系统开关', 'sys_normal_disable', '0', 'admin', '2018-03-16 11:33:00', 'ry', '2018-03-16 11:33:00', '系统开关列表');
INSERT INTO `sys_dict_type` VALUES ('4', '任务状态', 'sys_job_status', '0', 'admin', '2018-03-16 11:33:00', 'ry', '2018-03-16 11:33:00', '任务状态列表');
INSERT INTO `sys_dict_type` VALUES ('5', '任务分组', 'sys_job_group', '0', 'admin', '2018-03-16 11:33:00', 'ry', '2018-03-16 11:33:00', '任务分组列表');
INSERT INTO `sys_dict_type` VALUES ('6', '系统是否', 'sys_yes_no', '0', 'admin', '2018-03-16 11:33:00', 'ry', '2018-03-16 11:33:00', '系统是否列表');
INSERT INTO `sys_dict_type` VALUES ('7', '通知类型', 'sys_notice_type', '0', 'admin', '2018-03-16 11:33:00', 'ry', '2018-03-16 11:33:00', '通知类型列表');
INSERT INTO `sys_dict_type` VALUES ('8', '通知状态', 'sys_notice_status', '0', 'admin', '2018-03-16 11:33:00', 'ry', '2018-03-16 11:33:00', '通知状态列表');
INSERT INTO `sys_dict_type` VALUES ('9', '操作类型', 'sys_oper_type', '0', 'admin', '2018-03-16 11:33:00', 'ry', '2018-03-16 11:33:00', '操作类型列表');
INSERT INTO `sys_dict_type` VALUES ('10', '系统状态', 'sys_common_status', '0', 'admin', '2018-03-16 11:33:00', 'ry', '2018-03-16 11:33:00', '登录状态列表');
INSERT INTO `sys_dict_type` VALUES ('11', '授权类型', 'sys_grant_type', '0', 'admin', '2018-03-16 11:33:00', 'ry', '2018-03-16 11:33:00', '授权类型列表');
INSERT INTO `sys_dict_type` VALUES ('12', '数据库类型', 'database_type', '0', 'admin', '2021-01-19 10:22:15', '', null, null);
INSERT INTO `sys_dict_type` VALUES ('13', '数据状态', 'data_level', '0', 'admin', '2021-01-19 10:26:16', '', null, null);
INSERT INTO `sys_dict_type` VALUES ('14', '请求方式', 'request_type', '0', 'admin', '2021-01-19 11:28:04', '', null, null);

-- ----------------------------
-- Table structure for sys_job
-- ----------------------------
DROP TABLE IF EXISTS `sys_job`;
CREATE TABLE `sys_job` (
  `job_id` bigint(20) NOT NULL AUTO_INCREMENT COMMENT '任务ID',
  `job_name` varchar(64) COLLATE utf8mb4_unicode_ci NOT NULL DEFAULT '' COMMENT '任务名称',
  `job_group` varchar(64) COLLATE utf8mb4_unicode_ci NOT NULL DEFAULT 'DEFAULT' COMMENT '任务组名',
  `invoke_target` varchar(500) COLLATE utf8mb4_unicode_ci NOT NULL COMMENT '调用目标字符串',
  `cron_expression` varchar(255) COLLATE utf8mb4_unicode_ci DEFAULT '' COMMENT 'cron执行表达式',
  `misfire_policy` varchar(20) COLLATE utf8mb4_unicode_ci DEFAULT '3' COMMENT '计划执行错误策略（1立即执行 2执行一次 3放弃执行）',
  `concurrent` char(1) COLLATE utf8mb4_unicode_ci DEFAULT '1' COMMENT '是否并发执行（0允许 1禁止）',
  `status` char(1) COLLATE utf8mb4_unicode_ci DEFAULT '0' COMMENT '状态（0正常 1暂停）',
  `create_by` varchar(64) COLLATE utf8mb4_unicode_ci DEFAULT '' COMMENT '创建者',
  `create_time` datetime DEFAULT NULL COMMENT '创建时间',
  `update_by` varchar(64) COLLATE utf8mb4_unicode_ci DEFAULT '' COMMENT '更新者',
  `update_time` datetime DEFAULT NULL COMMENT '更新时间',
  `remark` varchar(500) COLLATE utf8mb4_unicode_ci DEFAULT '' COMMENT '备注信息',
  PRIMARY KEY (`job_id`,`job_name`,`job_group`)
) ENGINE=InnoDB AUTO_INCREMENT=4 DEFAULT CHARSET=utf8mb4 COLLATE=utf8mb4_unicode_ci COMMENT='定时任务调度表';

-- ----------------------------
-- Records of sys_job
-- ----------------------------
INSERT INTO `sys_job` VALUES ('1', '系统默认（无参）', 'DEFAULT', 'ryTask.ryNoParams', '0/10 * * * * ?', '3', '1', '1', 'admin', '2018-03-16 11:33:00', 'ry', '2018-03-16 11:33:00', '');
INSERT INTO `sys_job` VALUES ('2', '系统默认（有参）', 'DEFAULT', 'ryTask.ryParams(\'ry\')', '0/15 * * * * ?', '3', '1', '1', 'admin', '2018-03-16 11:33:00', 'ry', '2018-03-16 11:33:00', '');
INSERT INTO `sys_job` VALUES ('3', '系统默认（多参）', 'DEFAULT', 'ryTask.ryMultipleParams(\'ry\', true, 2000L, 316.50D, 100)', '0/20 * * * * ?', '3', '1', '1', 'admin', '2018-03-16 11:33:00', 'ry', '2018-03-16 11:33:00', '');

-- ----------------------------
-- Table structure for sys_job_log
-- ----------------------------
DROP TABLE IF EXISTS `sys_job_log`;
CREATE TABLE `sys_job_log` (
  `job_log_id` bigint(20) NOT NULL AUTO_INCREMENT COMMENT '任务日志ID',
  `job_name` varchar(64) COLLATE utf8mb4_unicode_ci NOT NULL COMMENT '任务名称',
  `job_group` varchar(64) COLLATE utf8mb4_unicode_ci NOT NULL COMMENT '任务组名',
  `invoke_target` varchar(500) COLLATE utf8mb4_unicode_ci NOT NULL COMMENT '调用目标字符串',
  `job_message` varchar(500) COLLATE utf8mb4_unicode_ci DEFAULT NULL COMMENT '日志信息',
  `status` char(1) COLLATE utf8mb4_unicode_ci DEFAULT '0' COMMENT '执行状态（0正常 1失败）',
  `exception_info` varchar(2000) COLLATE utf8mb4_unicode_ci DEFAULT '' COMMENT '异常信息',
  `create_time` datetime DEFAULT NULL COMMENT '创建时间',
  PRIMARY KEY (`job_log_id`)
) ENGINE=InnoDB DEFAULT CHARSET=utf8mb4 COLLATE=utf8mb4_unicode_ci COMMENT='定时任务调度日志表';

-- ----------------------------
-- Records of sys_job_log
-- ----------------------------

-- ----------------------------
-- Table structure for sys_logininfor
-- ----------------------------
DROP TABLE IF EXISTS `sys_logininfor`;
CREATE TABLE `sys_logininfor` (
  `info_id` bigint(20) NOT NULL AUTO_INCREMENT COMMENT '访问ID',
  `user_name` varchar(50) COLLATE utf8mb4_unicode_ci DEFAULT '' COMMENT '用户账号',
  `ipaddr` varchar(50) COLLATE utf8mb4_unicode_ci DEFAULT '' COMMENT '登录IP地址',
  `status` char(1) COLLATE utf8mb4_unicode_ci DEFAULT '0' COMMENT '登录状态（0成功 1失败）',
  `msg` varchar(255) COLLATE utf8mb4_unicode_ci DEFAULT '' COMMENT '提示信息',
  `access_time` datetime DEFAULT NULL COMMENT '访问时间',
  PRIMARY KEY (`info_id`)
) ENGINE=InnoDB AUTO_INCREMENT=2 DEFAULT CHARSET=utf8mb4 COLLATE=utf8mb4_unicode_ci COMMENT='系统访问记录';

-- ----------------------------
-- Records of sys_logininfor
-- ----------------------------
INSERT INTO `sys_logininfor` VALUES ('1', 'admin', '172.17.184.114', '0', '登录成功', '2021-01-19 09:05:18');

-- ----------------------------
-- Table structure for sys_menu
-- ----------------------------
DROP TABLE IF EXISTS `sys_menu`;
CREATE TABLE `sys_menu` (
  `menu_id` bigint(20) NOT NULL AUTO_INCREMENT COMMENT '菜单ID',
  `menu_name` varchar(50) COLLATE utf8mb4_unicode_ci NOT NULL COMMENT '菜单名称',
  `parent_id` bigint(20) DEFAULT '0' COMMENT '父菜单ID',
  `order_num` int(4) DEFAULT '0' COMMENT '显示顺序',
  `path` varchar(200) COLLATE utf8mb4_unicode_ci DEFAULT '' COMMENT '路由地址',
  `component` varchar(255) COLLATE utf8mb4_unicode_ci DEFAULT NULL COMMENT '组件路径',
  `is_frame` int(1) DEFAULT '1' COMMENT '是否为外链（0是 1否）',
  `is_cache` int(1) DEFAULT '0' COMMENT '是否缓存（0缓存 1不缓存）',
  `menu_type` char(1) COLLATE utf8mb4_unicode_ci DEFAULT '' COMMENT '菜单类型（M目录 C菜单 F按钮）',
  `visible` char(1) COLLATE utf8mb4_unicode_ci DEFAULT '0' COMMENT '菜单状态（0显示 1隐藏）',
  `status` char(1) COLLATE utf8mb4_unicode_ci DEFAULT '0' COMMENT '菜单状态（0正常 1停用）',
  `perms` varchar(100) COLLATE utf8mb4_unicode_ci DEFAULT NULL COMMENT '权限标识',
  `icon` varchar(100) COLLATE utf8mb4_unicode_ci DEFAULT '#' COMMENT '菜单图标',
  `create_by` varchar(64) COLLATE utf8mb4_unicode_ci DEFAULT '' COMMENT '创建者',
  `create_time` datetime DEFAULT NULL COMMENT '创建时间',
  `update_by` varchar(64) COLLATE utf8mb4_unicode_ci DEFAULT '' COMMENT '更新者',
  `update_time` datetime DEFAULT NULL COMMENT '更新时间',
  `remark` varchar(500) COLLATE utf8mb4_unicode_ci DEFAULT '' COMMENT '备注',
  PRIMARY KEY (`menu_id`)
) ENGINE=InnoDB AUTO_INCREMENT=1079 DEFAULT CHARSET=utf8mb4 COLLATE=utf8mb4_unicode_ci COMMENT='菜单权限表';

-- ----------------------------
-- Records of sys_menu
-- ----------------------------
INSERT INTO `sys_menu` VALUES ('1', '系统管理', '0', '4', 'system', null, '1', '0', 'M', '0', '0', '', 'system', 'admin', '2018-03-16 11:33:00', 'admin', '2021-01-19 09:13:33', '系统管理目录');
INSERT INTO `sys_menu` VALUES ('2', '系统监控', '0', '2', 'monitor', null, '1', '0', 'M', '0', '0', '', 'monitor', 'admin', '2018-03-16 11:33:00', 'ry', '2018-03-16 11:33:00', '系统监控目录');
INSERT INTO `sys_menu` VALUES ('3', '系统工具', '0', '3', 'tool', null, '1', '0', 'M', '0', '0', '', 'tool', 'admin', '2018-03-16 11:33:00', 'ry', '2018-03-16 11:33:00', '系统工具目录');
INSERT INTO `sys_menu` VALUES ('4', '集成管理', '0', '1', 'integration', null, '1', '0', 'M', '0', '0', '', 'guide', 'admin', '2018-03-16 11:33:00', 'admin', '2021-01-19 09:13:44', '若依官网地址');
INSERT INTO `sys_menu` VALUES ('100', '用户管理', '1', '1', 'user', 'system/user/index', '1', '0', 'C', '0', '0', 'system:user:list', 'user', 'admin', '2018-03-16 11:33:00', 'ry', '2018-03-16 11:33:00', '用户管理菜单');
INSERT INTO `sys_menu` VALUES ('101', '角色管理', '1', '2', 'role', 'system/role/index', '1', '0', 'C', '0', '0', 'system:role:list', 'peoples', 'admin', '2018-03-16 11:33:00', 'ry', '2018-03-16 11:33:00', '角色管理菜单');
INSERT INTO `sys_menu` VALUES ('102', '菜单管理', '1', '3', 'menu', 'system/menu/index', '1', '0', 'C', '0', '0', 'system:menu:list', 'tree-table', 'admin', '2018-03-16 11:33:00', 'ry', '2018-03-16 11:33:00', '菜单管理菜单');
INSERT INTO `sys_menu` VALUES ('103', '部门管理', '1', '4', 'dept', 'system/dept/index', '1', '0', 'C', '0', '0', 'system:dept:list', 'tree', 'admin', '2018-03-16 11:33:00', 'ry', '2018-03-16 11:33:00', '部门管理菜单');
INSERT INTO `sys_menu` VALUES ('104', '岗位管理', '1', '5', 'post', 'system/post/index', '1', '0', 'C', '0', '0', 'system:post:list', 'post', 'admin', '2018-03-16 11:33:00', 'ry', '2018-03-16 11:33:00', '岗位管理菜单');
INSERT INTO `sys_menu` VALUES ('105', '字典管理', '1', '6', 'dict', 'system/dict/index', '1', '0', 'C', '0', '0', 'system:dict:list', 'dict', 'admin', '2018-03-16 11:33:00', 'ry', '2018-03-16 11:33:00', '字典管理菜单');
INSERT INTO `sys_menu` VALUES ('106', '参数设置', '1', '7', 'config', 'system/config/index', '1', '0', 'C', '0', '0', 'system:config:list', 'edit', 'admin', '2018-03-16 11:33:00', 'ry', '2018-03-16 11:33:00', '参数设置菜单');
INSERT INTO `sys_menu` VALUES ('107', '通知公告', '1', '9', 'notice', 'system/notice/index', '1', '0', 'C', '0', '0', 'system:notice:list', 'message', 'admin', '2018-03-16 11:33:00', 'ry', '2018-03-16 11:33:00', '通知公告菜单');
INSERT INTO `sys_menu` VALUES ('108', '日志管理', '1', '10', 'log', '', '1', '0', 'M', '0', '0', '', 'log', 'admin', '2018-03-16 11:33:00', 'ry', '2018-03-16 11:33:00', '日志管理菜单');
INSERT INTO `sys_menu` VALUES ('109', '在线用户', '2', '1', 'online', 'monitor/online/index', '1', '0', 'C', '0', '0', 'monitor:online:list', 'online', 'admin', '2018-03-16 11:33:00', 'ry', '2018-03-16 11:33:00', '在线用户菜单');
INSERT INTO `sys_menu` VALUES ('110', '定时任务', '2', '2', 'test', 'monitor/test/index', '1', '0', 'C', '0', '0', 'monitor:test:list', 'test', 'admin', '2018-03-16 11:33:00', 'ry', '2018-03-16 11:33:00', '定时任务菜单');
INSERT INTO `sys_menu` VALUES ('111', 'Sentinel控制台', '2', '3', 'http://localhost:8718', '', '1', '0', 'C', '0', '0', 'monitor:sentinel:list', 'sentinel', 'admin', '2018-03-16 11:33:00', 'ry', '2018-03-16 11:33:00', '流量控制菜单');
INSERT INTO `sys_menu` VALUES ('112', 'Nacos控制台', '2', '4', 'http://localhost:8848/nacos', '', '1', '0', 'C', '0', '0', 'monitor:nacos:list', 'nacos', 'admin', '2018-03-16 11:33:00', 'ry', '2018-03-16 11:33:00', '服务治理菜单');
INSERT INTO `sys_menu` VALUES ('113', 'Admin控制台', '2', '5', 'http://localhost:9100/login', '', '1', '0', 'C', '0', '0', 'monitor:server:list', 'server', 'admin', '2018-03-16 11:33:00', 'ry', '2018-03-16 11:33:00', '服务监控菜单');
INSERT INTO `sys_menu` VALUES ('114', '表单构建', '3', '1', 'build', 'tool/build/index', '1', '0', 'C', '0', '0', 'tool:build:list', 'build', 'admin', '2018-03-16 11:33:00', 'ry', '2018-03-16 11:33:00', '表单构建菜单');
INSERT INTO `sys_menu` VALUES ('115', '代码生成', '3', '2', 'gen', 'tool/gen/index', '1', '0', 'C', '0', '0', 'tool:gen:list', 'code', 'admin', '2018-03-16 11:33:00', 'ry', '2018-03-16 11:33:00', '代码生成菜单');
INSERT INTO `sys_menu` VALUES ('116', '系统接口', '3', '3', 'http://localhost:8080/swagger-ui.html', '', '1', '0', 'C', '0', '0', 'tool:swagger:list', 'swagger', 'admin', '2018-03-16 11:33:00', 'ry', '2018-03-16 11:33:00', '系统接口菜单');
INSERT INTO `sys_menu` VALUES ('500', '操作日志', '108', '1', 'operlog', 'system/operlog/index', '1', '0', 'C', '0', '0', 'system:operlog:list', 'form', 'admin', '2018-03-16 11:33:00', 'ry', '2018-03-16 11:33:00', '操作日志菜单');
INSERT INTO `sys_menu` VALUES ('501', '登录日志', '108', '2', 'logininfor', 'system/logininfor/index', '1', '0', 'C', '0', '0', 'system:logininfor:list', 'logininfor', 'admin', '2018-03-16 11:33:00', 'ry', '2018-03-16 11:33:00', '登录日志菜单');
INSERT INTO `sys_menu` VALUES ('1001', '用户查询', '100', '1', '', '', '1', '0', 'F', '0', '0', 'system:user:query', '#', 'admin', '2018-03-16 11:33:00', 'ry', '2018-03-16 11:33:00', '');
INSERT INTO `sys_menu` VALUES ('1002', '用户新增', '100', '2', '', '', '1', '0', 'F', '0', '0', 'system:user:add', '#', 'admin', '2018-03-16 11:33:00', 'ry', '2018-03-16 11:33:00', '');
INSERT INTO `sys_menu` VALUES ('1003', '用户修改', '100', '3', '', '', '1', '0', 'F', '0', '0', 'system:user:edit', '#', 'admin', '2018-03-16 11:33:00', 'ry', '2018-03-16 11:33:00', '');
INSERT INTO `sys_menu` VALUES ('1004', '用户删除', '100', '4', '', '', '1', '0', 'F', '0', '0', 'system:user:remove', '#', 'admin', '2018-03-16 11:33:00', 'ry', '2018-03-16 11:33:00', '');
INSERT INTO `sys_menu` VALUES ('1005', '用户导出', '100', '5', '', '', '1', '0', 'F', '0', '0', 'system:user:export', '#', 'admin', '2018-03-16 11:33:00', 'ry', '2018-03-16 11:33:00', '');
INSERT INTO `sys_menu` VALUES ('1006', '用户导入', '100', '6', '', '', '1', '0', 'F', '0', '0', 'system:user:import', '#', 'admin', '2018-03-16 11:33:00', 'ry', '2018-03-16 11:33:00', '');
INSERT INTO `sys_menu` VALUES ('1007', '重置密码', '100', '7', '', '', '1', '0', 'F', '0', '0', 'system:user:resetPwd', '#', 'admin', '2018-03-16 11:33:00', 'ry', '2018-03-16 11:33:00', '');
INSERT INTO `sys_menu` VALUES ('1008', '角色查询', '101', '1', '', '', '1', '0', 'F', '0', '0', 'system:role:query', '#', 'admin', '2018-03-16 11:33:00', 'ry', '2018-03-16 11:33:00', '');
INSERT INTO `sys_menu` VALUES ('1009', '角色新增', '101', '2', '', '', '1', '0', 'F', '0', '0', 'system:role:add', '#', 'admin', '2018-03-16 11:33:00', 'ry', '2018-03-16 11:33:00', '');
INSERT INTO `sys_menu` VALUES ('1010', '角色修改', '101', '3', '', '', '1', '0', 'F', '0', '0', 'system:role:edit', '#', 'admin', '2018-03-16 11:33:00', 'ry', '2018-03-16 11:33:00', '');
INSERT INTO `sys_menu` VALUES ('1011', '角色删除', '101', '4', '', '', '1', '0', 'F', '0', '0', 'system:role:remove', '#', 'admin', '2018-03-16 11:33:00', 'ry', '2018-03-16 11:33:00', '');
INSERT INTO `sys_menu` VALUES ('1012', '角色导出', '101', '5', '', '', '1', '0', 'F', '0', '0', 'system:role:export', '#', 'admin', '2018-03-16 11:33:00', 'ry', '2018-03-16 11:33:00', '');
INSERT INTO `sys_menu` VALUES ('1013', '菜单查询', '102', '1', '', '', '1', '0', 'F', '0', '0', 'system:menu:query', '#', 'admin', '2018-03-16 11:33:00', 'ry', '2018-03-16 11:33:00', '');
INSERT INTO `sys_menu` VALUES ('1014', '菜单新增', '102', '2', '', '', '1', '0', 'F', '0', '0', 'system:menu:add', '#', 'admin', '2018-03-16 11:33:00', 'ry', '2018-03-16 11:33:00', '');
INSERT INTO `sys_menu` VALUES ('1015', '菜单修改', '102', '3', '', '', '1', '0', 'F', '0', '0', 'system:menu:edit', '#', 'admin', '2018-03-16 11:33:00', 'ry', '2018-03-16 11:33:00', '');
INSERT INTO `sys_menu` VALUES ('1016', '菜单删除', '102', '4', '', '', '1', '0', 'F', '0', '0', 'system:menu:remove', '#', 'admin', '2018-03-16 11:33:00', 'ry', '2018-03-16 11:33:00', '');
INSERT INTO `sys_menu` VALUES ('1017', '部门查询', '103', '1', '', '', '1', '0', 'F', '0', '0', 'system:dept:query', '#', 'admin', '2018-03-16 11:33:00', 'ry', '2018-03-16 11:33:00', '');
INSERT INTO `sys_menu` VALUES ('1018', '部门新增', '103', '2', '', '', '1', '0', 'F', '0', '0', 'system:dept:add', '#', 'admin', '2018-03-16 11:33:00', 'ry', '2018-03-16 11:33:00', '');
INSERT INTO `sys_menu` VALUES ('1019', '部门修改', '103', '3', '', '', '1', '0', 'F', '0', '0', 'system:dept:edit', '#', 'admin', '2018-03-16 11:33:00', 'ry', '2018-03-16 11:33:00', '');
INSERT INTO `sys_menu` VALUES ('1020', '部门删除', '103', '4', '', '', '1', '0', 'F', '0', '0', 'system:dept:remove', '#', 'admin', '2018-03-16 11:33:00', 'ry', '2018-03-16 11:33:00', '');
INSERT INTO `sys_menu` VALUES ('1021', '岗位查询', '104', '1', '', '', '1', '0', 'F', '0', '0', 'system:post:query', '#', 'admin', '2018-03-16 11:33:00', 'ry', '2018-03-16 11:33:00', '');
INSERT INTO `sys_menu` VALUES ('1022', '岗位新增', '104', '2', '', '', '1', '0', 'F', '0', '0', 'system:post:add', '#', 'admin', '2018-03-16 11:33:00', 'ry', '2018-03-16 11:33:00', '');
INSERT INTO `sys_menu` VALUES ('1023', '岗位修改', '104', '3', '', '', '1', '0', 'F', '0', '0', 'system:post:edit', '#', 'admin', '2018-03-16 11:33:00', 'ry', '2018-03-16 11:33:00', '');
INSERT INTO `sys_menu` VALUES ('1024', '岗位删除', '104', '4', '', '', '1', '0', 'F', '0', '0', 'system:post:remove', '#', 'admin', '2018-03-16 11:33:00', 'ry', '2018-03-16 11:33:00', '');
INSERT INTO `sys_menu` VALUES ('1025', '岗位导出', '104', '5', '', '', '1', '0', 'F', '0', '0', 'system:post:export', '#', 'admin', '2018-03-16 11:33:00', 'ry', '2018-03-16 11:33:00', '');
INSERT INTO `sys_menu` VALUES ('1026', '字典查询', '105', '1', '#', '', '1', '0', 'F', '0', '0', 'system:dict:query', '#', 'admin', '2018-03-16 11:33:00', 'ry', '2018-03-16 11:33:00', '');
INSERT INTO `sys_menu` VALUES ('1027', '字典新增', '105', '2', '#', '', '1', '0', 'F', '0', '0', 'system:dict:add', '#', 'admin', '2018-03-16 11:33:00', 'ry', '2018-03-16 11:33:00', '');
INSERT INTO `sys_menu` VALUES ('1028', '字典修改', '105', '3', '#', '', '1', '0', 'F', '0', '0', 'system:dict:edit', '#', 'admin', '2018-03-16 11:33:00', 'ry', '2018-03-16 11:33:00', '');
INSERT INTO `sys_menu` VALUES ('1029', '字典删除', '105', '4', '#', '', '1', '0', 'F', '0', '0', 'system:dict:remove', '#', 'admin', '2018-03-16 11:33:00', 'ry', '2018-03-16 11:33:00', '');
INSERT INTO `sys_menu` VALUES ('1030', '字典导出', '105', '5', '#', '', '1', '0', 'F', '0', '0', 'system:dict:export', '#', 'admin', '2018-03-16 11:33:00', 'ry', '2018-03-16 11:33:00', '');
INSERT INTO `sys_menu` VALUES ('1031', '参数查询', '106', '1', '#', '', '1', '0', 'F', '0', '0', 'system:config:query', '#', 'admin', '2018-03-16 11:33:00', 'ry', '2018-03-16 11:33:00', '');
INSERT INTO `sys_menu` VALUES ('1032', '参数新增', '106', '2', '#', '', '1', '0', 'F', '0', '0', 'system:config:add', '#', 'admin', '2018-03-16 11:33:00', 'ry', '2018-03-16 11:33:00', '');
INSERT INTO `sys_menu` VALUES ('1033', '参数修改', '106', '3', '#', '', '1', '0', 'F', '0', '0', 'system:config:edit', '#', 'admin', '2018-03-16 11:33:00', 'ry', '2018-03-16 11:33:00', '');
INSERT INTO `sys_menu` VALUES ('1034', '参数删除', '106', '4', '#', '', '1', '0', 'F', '0', '0', 'system:config:remove', '#', 'admin', '2018-03-16 11:33:00', 'ry', '2018-03-16 11:33:00', '');
INSERT INTO `sys_menu` VALUES ('1035', '参数导出', '106', '5', '#', '', '1', '0', 'F', '0', '0', 'system:config:export', '#', 'admin', '2018-03-16 11:33:00', 'ry', '2018-03-16 11:33:00', '');
INSERT INTO `sys_menu` VALUES ('1041', '公告查询', '107', '1', '#', '', '1', '0', 'F', '0', '0', 'system:notice:query', '#', 'admin', '2018-03-16 11:33:00', 'ry', '2018-03-16 11:33:00', '');
INSERT INTO `sys_menu` VALUES ('1042', '公告新增', '107', '2', '#', '', '1', '0', 'F', '0', '0', 'system:notice:add', '#', 'admin', '2018-03-16 11:33:00', 'ry', '2018-03-16 11:33:00', '');
INSERT INTO `sys_menu` VALUES ('1043', '公告修改', '107', '3', '#', '', '1', '0', 'F', '0', '0', 'system:notice:edit', '#', 'admin', '2018-03-16 11:33:00', 'ry', '2018-03-16 11:33:00', '');
INSERT INTO `sys_menu` VALUES ('1044', '公告删除', '107', '4', '#', '', '1', '0', 'F', '0', '0', 'system:notice:remove', '#', 'admin', '2018-03-16 11:33:00', 'ry', '2018-03-16 11:33:00', '');
INSERT INTO `sys_menu` VALUES ('1045', '操作查询', '500', '1', '#', '', '1', '0', 'F', '0', '0', 'system:operlog:query', '#', 'admin', '2018-03-16 11:33:00', 'ry', '2018-03-16 11:33:00', '');
INSERT INTO `sys_menu` VALUES ('1046', '操作删除', '500', '2', '#', '', '1', '0', 'F', '0', '0', 'system:operlog:remove', '#', 'admin', '2018-03-16 11:33:00', 'ry', '2018-03-16 11:33:00', '');
INSERT INTO `sys_menu` VALUES ('1047', '日志导出', '500', '4', '#', '', '1', '0', 'F', '0', '0', 'system:operlog:export', '#', 'admin', '2018-03-16 11:33:00', 'ry', '2018-03-16 11:33:00', '');
INSERT INTO `sys_menu` VALUES ('1048', '登录查询', '501', '1', '#', '', '1', '0', 'F', '0', '0', 'system:logininfor:query', '#', 'admin', '2018-03-16 11:33:00', 'ry', '2018-03-16 11:33:00', '');
INSERT INTO `sys_menu` VALUES ('1049', '登录删除', '501', '2', '#', '', '1', '0', 'F', '0', '0', 'system:logininfor:remove', '#', 'admin', '2018-03-16 11:33:00', 'ry', '2018-03-16 11:33:00', '');
INSERT INTO `sys_menu` VALUES ('1050', '日志导出', '501', '3', '#', '', '1', '0', 'F', '0', '0', 'system:logininfor:export', '#', 'admin', '2018-03-16 11:33:00', 'ry', '2018-03-16 11:33:00', '');
INSERT INTO `sys_menu` VALUES ('1051', '在线查询', '109', '1', '#', '', '1', '0', 'F', '0', '0', 'monitor:online:query', '#', 'admin', '2018-03-16 11:33:00', 'ry', '2018-03-16 11:33:00', '');
INSERT INTO `sys_menu` VALUES ('1052', '批量强退', '109', '2', '#', '', '1', '0', 'F', '0', '0', 'monitor:online:batchLogout', '#', 'admin', '2018-03-16 11:33:00', 'ry', '2018-03-16 11:33:00', '');
INSERT INTO `sys_menu` VALUES ('1053', '单条强退', '109', '3', '#', '', '1', '0', 'F', '0', '0', 'monitor:online:forceLogout', '#', 'admin', '2018-03-16 11:33:00', 'ry', '2018-03-16 11:33:00', '');
INSERT INTO `sys_menu` VALUES ('1054', '任务查询', '110', '1', '#', '', '1', '0', 'F', '0', '0', 'monitor:test:query', '#', 'admin', '2018-03-16 11:33:00', 'ry', '2018-03-16 11:33:00', '');
INSERT INTO `sys_menu` VALUES ('1055', '任务新增', '110', '2', '#', '', '1', '0', 'F', '0', '0', 'monitor:test:add', '#', 'admin', '2018-03-16 11:33:00', 'ry', '2018-03-16 11:33:00', '');
INSERT INTO `sys_menu` VALUES ('1056', '任务修改', '110', '3', '#', '', '1', '0', 'F', '0', '0', 'monitor:test:edit', '#', 'admin', '2018-03-16 11:33:00', 'ry', '2018-03-16 11:33:00', '');
INSERT INTO `sys_menu` VALUES ('1057', '任务删除', '110', '4', '#', '', '1', '0', 'F', '0', '0', 'monitor:test:remove', '#', 'admin', '2018-03-16 11:33:00', 'ry', '2018-03-16 11:33:00', '');
INSERT INTO `sys_menu` VALUES ('1058', '状态修改', '110', '5', '#', '', '1', '0', 'F', '0', '0', 'monitor:test:changeStatus', '#', 'admin', '2018-03-16 11:33:00', 'ry', '2018-03-16 11:33:00', '');
INSERT INTO `sys_menu` VALUES ('1059', '任务导出', '110', '7', '#', '', '1', '0', 'F', '0', '0', 'monitor:test:export', '#', 'admin', '2018-03-16 11:33:00', 'ry', '2018-03-16 11:33:00', '');
INSERT INTO `sys_menu` VALUES ('1060', '生成查询', '115', '1', '#', '', '1', '0', 'F', '0', '0', 'tool:gen:query', '#', 'admin', '2018-03-16 11:33:00', 'ry', '2018-03-16 11:33:00', '');
INSERT INTO `sys_menu` VALUES ('1061', '生成修改', '115', '2', '#', '', '1', '0', 'F', '0', '0', 'tool:gen:edit', '#', 'admin', '2018-03-16 11:33:00', 'ry', '2018-03-16 11:33:00', '');
INSERT INTO `sys_menu` VALUES ('1062', '生成删除', '115', '3', '#', '', '1', '0', 'F', '0', '0', 'tool:gen:remove', '#', 'admin', '2018-03-16 11:33:00', 'ry', '2018-03-16 11:33:00', '');
INSERT INTO `sys_menu` VALUES ('1063', '导入代码', '115', '2', '#', '', '1', '0', 'F', '0', '0', 'tool:gen:import', '#', 'admin', '2018-03-16 11:33:00', 'ry', '2018-03-16 11:33:00', '');
INSERT INTO `sys_menu` VALUES ('1064', '预览代码', '115', '4', '#', '', '1', '0', 'F', '0', '0', 'tool:gen:preview', '#', 'admin', '2018-03-16 11:33:00', 'ry', '2018-03-16 11:33:00', '');
INSERT INTO `sys_menu` VALUES ('1065', '生成代码', '115', '5', '#', '', '1', '0', 'F', '0', '0', 'tool:gen:code', '#', 'admin', '2018-03-16 11:33:00', 'ry', '2018-03-16 11:33:00', '');
INSERT INTO `sys_menu` VALUES ('1067', 'API服务配置', '4', '1', 'apiServiceConfig', 'integration/apiServiceConfig/index', '1', '0', 'C', '0', '0', 'integration:apiServiceConfig:list', '#', 'admin', '2018-03-01 00:00:00', 'ry', '2018-03-01 00:00:00', 'API服务配置菜单');
INSERT INTO `sys_menu` VALUES ('1068', 'API服务配置查询', '1067', '1', '#', '', '1', '0', 'F', '0', '0', 'integration:apiServiceConfig:query', '#', 'admin', '2018-03-01 00:00:00', 'ry', '2018-03-01 00:00:00', '');
INSERT INTO `sys_menu` VALUES ('1069', 'API服务配置新增', '1067', '2', '#', '', '1', '0', 'F', '0', '0', 'integration:apiServiceConfig:add', '#', 'admin', '2018-03-01 00:00:00', 'ry', '2018-03-01 00:00:00', '');
INSERT INTO `sys_menu` VALUES ('1070', 'API服务配置修改', '1067', '3', '#', '', '1', '0', 'F', '0', '0', 'integration:apiServiceConfig:edit', '#', 'admin', '2018-03-01 00:00:00', 'ry', '2018-03-01 00:00:00', '');
INSERT INTO `sys_menu` VALUES ('1071', 'API服务配置删除', '1067', '4', '#', '', '1', '0', 'F', '0', '0', 'integration:apiServiceConfig:remove', '#', 'admin', '2018-03-01 00:00:00', 'ry', '2018-03-01 00:00:00', '');
INSERT INTO `sys_menu` VALUES ('1072', 'API服务配置导出', '1067', '5', '#', '', '1', '0', 'F', '0', '0', 'integration:apiServiceConfig:export', '#', 'admin', '2018-03-01 00:00:00', 'ry', '2018-03-01 00:00:00', '');
INSERT INTO `sys_menu` VALUES ('1073', '数据源配置', '4', '1', 'datasource', 'integration/datasource/index', '1', '0', 'C', '0', '0', 'integration:datasource:list', '#', 'admin', '2018-03-01 00:00:00', 'ry', '2018-03-01 00:00:00', '数据源配置菜单');
INSERT INTO `sys_menu` VALUES ('1074', '数据源配置查询', '1073', '1', '#', '', '1', '0', 'F', '0', '0', 'integration:datasource:query', '#', 'admin', '2018-03-01 00:00:00', 'ry', '2018-03-01 00:00:00', '');
INSERT INTO `sys_menu` VALUES ('1075', '数据源配置新增', '1073', '2', '#', '', '1', '0', 'F', '0', '0', 'integration:datasource:add', '#', 'admin', '2018-03-01 00:00:00', 'ry', '2018-03-01 00:00:00', '');
INSERT INTO `sys_menu` VALUES ('1076', '数据源配置修改', '1073', '3', '#', '', '1', '0', 'F', '0', '0', 'integration:datasource:edit', '#', 'admin', '2018-03-01 00:00:00', 'ry', '2018-03-01 00:00:00', '');
INSERT INTO `sys_menu` VALUES ('1077', '数据源配置删除', '1073', '4', '#', '', '1', '0', 'F', '0', '0', 'integration:datasource:remove', '#', 'admin', '2018-03-01 00:00:00', 'ry', '2018-03-01 00:00:00', '');
INSERT INTO `sys_menu` VALUES ('1078', '数据源配置导出', '1073', '5', '#', '', '1', '0', 'F', '0', '0', 'integration:datasource:export', '#', 'admin', '2018-03-01 00:00:00', 'ry', '2018-03-01 00:00:00', '');

-- ----------------------------
-- Table structure for sys_notice
-- ----------------------------
DROP TABLE IF EXISTS `sys_notice`;
CREATE TABLE `sys_notice` (
  `notice_id` int(4) NOT NULL AUTO_INCREMENT COMMENT '公告ID',
  `notice_title` varchar(50) COLLATE utf8mb4_unicode_ci NOT NULL COMMENT '公告标题',
  `notice_type` char(1) COLLATE utf8mb4_unicode_ci NOT NULL COMMENT '公告类型（1通知 2公告）',
  `notice_content` longblob COMMENT '公告内容',
  `status` char(1) COLLATE utf8mb4_unicode_ci DEFAULT '0' COMMENT '公告状态（0正常 1关闭）',
  `create_by` varchar(64) COLLATE utf8mb4_unicode_ci DEFAULT '' COMMENT '创建者',
  `create_time` datetime DEFAULT NULL COMMENT '创建时间',
  `update_by` varchar(64) COLLATE utf8mb4_unicode_ci DEFAULT '' COMMENT '更新者',
  `update_time` datetime DEFAULT NULL COMMENT '更新时间',
  `remark` varchar(255) COLLATE utf8mb4_unicode_ci DEFAULT NULL COMMENT '备注',
  PRIMARY KEY (`notice_id`)
) ENGINE=InnoDB AUTO_INCREMENT=3 DEFAULT CHARSET=utf8mb4 COLLATE=utf8mb4_unicode_ci COMMENT='通知公告表';

-- ----------------------------
-- Records of sys_notice
-- ----------------------------
INSERT INTO `sys_notice` VALUES ('1', '温馨提醒：2018-07-01 若依新版本发布啦', '2', 0xE696B0E78988E69CACE58685E5AEB9, '0', 'admin', '2018-03-16 11:33:00', 'ry', '2018-03-16 11:33:00', '管理员');
INSERT INTO `sys_notice` VALUES ('2', '维护通知：2018-07-01 若依系统凌晨维护', '1', 0xE7BBB4E68AA4E58685E5AEB9, '0', 'admin', '2018-03-16 11:33:00', 'ry', '2018-03-16 11:33:00', '管理员');

-- ----------------------------
-- Table structure for sys_oper_log
-- ----------------------------
DROP TABLE IF EXISTS `sys_oper_log`;
CREATE TABLE `sys_oper_log` (
  `oper_id` bigint(20) NOT NULL AUTO_INCREMENT COMMENT '日志主键',
  `title` varchar(50) COLLATE utf8mb4_unicode_ci DEFAULT '' COMMENT '模块标题',
  `business_type` int(2) DEFAULT '0' COMMENT '业务类型（0其它 1新增 2修改 3删除）',
  `method` varchar(100) COLLATE utf8mb4_unicode_ci DEFAULT '' COMMENT '方法名称',
  `request_method` varchar(10) COLLATE utf8mb4_unicode_ci DEFAULT '' COMMENT '请求方式',
  `operator_type` int(1) DEFAULT '0' COMMENT '操作类别（0其它 1后台用户 2手机端用户）',
  `oper_name` varchar(50) COLLATE utf8mb4_unicode_ci DEFAULT '' COMMENT '操作人员',
  `dept_name` varchar(50) COLLATE utf8mb4_unicode_ci DEFAULT '' COMMENT '部门名称',
  `oper_url` varchar(255) COLLATE utf8mb4_unicode_ci DEFAULT '' COMMENT '请求URL',
  `oper_ip` varchar(50) COLLATE utf8mb4_unicode_ci DEFAULT '' COMMENT '主机地址',
  `oper_location` varchar(255) COLLATE utf8mb4_unicode_ci DEFAULT '' COMMENT '操作地点',
  `oper_param` varchar(2000) COLLATE utf8mb4_unicode_ci DEFAULT '' COMMENT '请求参数',
  `json_result` varchar(2000) COLLATE utf8mb4_unicode_ci DEFAULT '' COMMENT '返回参数',
  `status` int(1) DEFAULT '0' COMMENT '操作状态（0正常 1异常）',
  `error_msg` varchar(2000) COLLATE utf8mb4_unicode_ci DEFAULT '' COMMENT '错误消息',
  `oper_time` datetime DEFAULT NULL COMMENT '操作时间',
  PRIMARY KEY (`oper_id`)
) ENGINE=InnoDB AUTO_INCREMENT=34 DEFAULT CHARSET=utf8mb4 COLLATE=utf8mb4_unicode_ci COMMENT='操作日志记录';

-- ----------------------------
-- Records of sys_oper_log
-- ----------------------------
INSERT INTO `sys_oper_log` VALUES ('1', '菜单管理', '2', 'com.tcoiss.system.controller.SysMenuController.edit()', 'PUT', '1', 'admin', null, '/menu', '127.0.0.1', '', '{\"visible\":\"0\",\"icon\":\"guide\",\"orderNum\":\"4\",\"menuName\":\"集成管理\",\"params\":{},\"parentId\":0,\"isCache\":\"0\",\"path\":\"integration\",\"children\":[],\"createTime\":1521171180000,\"updateBy\":\"admin\",\"isFrame\":\"1\",\"menuId\":4,\"menuType\":\"M\",\"perms\":\"\",\"status\":\"0\"}', '{\"msg\":\"操作成功\",\"code\":200}', '0', null, '2021-01-19 09:10:28');
INSERT INTO `sys_oper_log` VALUES ('2', '菜单管理', '2', 'com.tcoiss.system.controller.SysMenuController.edit()', 'PUT', '1', 'admin', null, '/menu', '127.0.0.1', '', '{\"visible\":\"0\",\"icon\":\"system\",\"orderNum\":\"4\",\"menuName\":\"系统管理\",\"params\":{},\"parentId\":0,\"isCache\":\"0\",\"path\":\"system\",\"children\":[],\"createTime\":1521171180000,\"updateBy\":\"admin\",\"isFrame\":\"1\",\"menuId\":1,\"menuType\":\"M\",\"perms\":\"\",\"status\":\"0\"}', '{\"msg\":\"操作成功\",\"code\":200}', '0', null, '2021-01-19 09:13:33');
INSERT INTO `sys_oper_log` VALUES ('3', '菜单管理', '2', 'com.tcoiss.system.controller.SysMenuController.edit()', 'PUT', '1', 'admin', null, '/menu', '127.0.0.1', '', '{\"visible\":\"0\",\"icon\":\"guide\",\"orderNum\":\"1\",\"menuName\":\"集成管理\",\"params\":{},\"parentId\":0,\"isCache\":\"0\",\"path\":\"integration\",\"children\":[],\"createTime\":1521171180000,\"updateBy\":\"admin\",\"isFrame\":\"1\",\"menuId\":4,\"menuType\":\"M\",\"perms\":\"\",\"status\":\"0\"}', '{\"msg\":\"操作成功\",\"code\":200}', '0', null, '2021-01-19 09:13:44');
INSERT INTO `sys_oper_log` VALUES ('4', '菜单管理', '1', 'com.tcoiss.system.controller.SysMenuController.add()', 'POST', '1', 'admin', null, '/menu', '127.0.0.1', '', '{\"visible\":\"0\",\"icon\":\"date-range\",\"orderNum\":\"0\",\"menuName\":\"数据连接\",\"params\":{},\"parentId\":4,\"isCache\":\"0\",\"path\":\"dbsource\",\"createBy\":\"admin\",\"children\":[],\"isFrame\":\"1\",\"menuType\":\"C\",\"status\":\"0\"}', '{\"msg\":\"操作成功\",\"code\":200}', '0', null, '2021-01-19 09:16:07');
INSERT INTO `sys_oper_log` VALUES ('5', '菜单管理', '3', 'com.tcoiss.system.controller.SysMenuController.remove()', 'DELETE', '1', 'admin', null, '/menu/1066', '127.0.0.1', '', null, '{\"msg\":\"操作成功\",\"code\":200}', '0', null, '2021-01-19 09:16:46');
INSERT INTO `sys_oper_log` VALUES ('6', '代码生成', '6', 'com.tcoiss.gen.controller.GenController.importTableSave()', 'POST', '1', 'admin', null, '/gen/importTable', '127.0.0.1', '', 'data_source,api_service_config', '{\"msg\":\"操作成功\",\"code\":200}', '0', null, '2021-01-19 09:18:41');
INSERT INTO `sys_oper_log` VALUES ('7', '字典类型', '1', 'com.tcoiss.system.controller.SysDictTypeController.add()', 'POST', '1', 'admin', null, '/dict/type', '127.0.0.1', '', '{\"createBy\":\"admin\",\"dictName\":\"数据库类型\",\"params\":{},\"dictType\":\"database_type\",\"status\":\"0\"}', '{\"msg\":\"操作成功\",\"code\":200}', '0', null, '2021-01-19 10:22:16');
INSERT INTO `sys_oper_log` VALUES ('8', '字典数据', '1', 'com.tcoiss.system.controller.SysDictDataController.add()', 'POST', '1', 'admin', null, '/dict/data', '127.0.0.1', '', '{\"dictValue\":\"MYSQL\",\"dictSort\":0,\"params\":{},\"dictType\":\"database_type\",\"dictLabel\":\"mysql数据库\",\"createBy\":\"admin\",\"default\":false,\"status\":\"0\"}', '{\"msg\":\"操作成功\",\"code\":200}', '0', null, '2021-01-19 10:22:52');
INSERT INTO `sys_oper_log` VALUES ('9', '字典数据', '1', 'com.tcoiss.system.controller.SysDictDataController.add()', 'POST', '1', 'admin', null, '/dict/data', '127.0.0.1', '', '{\"dictValue\":\"SQLSERVER\",\"dictSort\":0,\"params\":{},\"dictType\":\"database_type\",\"dictLabel\":\"sqlserver数据库\",\"createBy\":\"admin\",\"default\":false,\"status\":\"0\"}', '{\"msg\":\"操作成功\",\"code\":200}', '0', null, '2021-01-19 10:23:11');
INSERT INTO `sys_oper_log` VALUES ('10', '字典类型', '1', 'com.tcoiss.system.controller.SysDictTypeController.add()', 'POST', '1', 'admin', null, '/dict/type', '127.0.0.1', '', '{\"createBy\":\"admin\",\"dictName\":\"数据状态\",\"params\":{},\"dictType\":\"data_level\",\"status\":\"0\"}', '{\"msg\":\"操作成功\",\"code\":200}', '0', null, '2021-01-19 10:26:16');
INSERT INTO `sys_oper_log` VALUES ('11', '字典数据', '1', 'com.tcoiss.system.controller.SysDictDataController.add()', 'POST', '1', 'admin', null, '/dict/data', '127.0.0.1', '', '{\"dictValue\":\"0\",\"dictSort\":0,\"params\":{},\"dictType\":\"data_level\",\"dictLabel\":\"创建\",\"createBy\":\"admin\",\"default\":false,\"status\":\"0\"}', '{\"msg\":\"操作成功\",\"code\":200}', '0', null, '2021-01-19 10:26:42');
INSERT INTO `sys_oper_log` VALUES ('12', '字典数据', '1', 'com.tcoiss.system.controller.SysDictDataController.add()', 'POST', '1', 'admin', null, '/dict/data', '127.0.0.1', '', '{\"dictValue\":\"1\",\"dictSort\":1,\"params\":{},\"dictType\":\"data_level\",\"dictLabel\":\"启用\",\"createBy\":\"admin\",\"default\":false,\"status\":\"0\"}', '{\"msg\":\"操作成功\",\"code\":200}', '0', null, '2021-01-19 10:29:14');
INSERT INTO `sys_oper_log` VALUES ('13', '字典数据', '1', 'com.tcoiss.system.controller.SysDictDataController.add()', 'POST', '1', 'admin', null, '/dict/data', '127.0.0.1', '', '{\"dictValue\":\"2\",\"dictSort\":2,\"params\":{},\"dictType\":\"data_level\",\"dictLabel\":\"禁用\",\"createBy\":\"admin\",\"default\":false,\"status\":\"0\"}', '{\"msg\":\"操作成功\",\"code\":200}', '0', null, '2021-01-19 10:29:39');
INSERT INTO `sys_oper_log` VALUES ('14', '代码生成', '8', 'com.tcoiss.gen.controller.GenController.batchGenCode()', 'GET', '1', 'admin', null, '/gen/batchGenCode', '127.0.0.1', '', null, 'null', '0', null, '2021-01-19 10:33:20');
INSERT INTO `sys_oper_log` VALUES ('15', '字典类型', '1', 'com.tcoiss.system.controller.SysDictTypeController.add()', 'POST', '1', 'admin', null, '/dict/type', '127.0.0.1', '', '{\"createBy\":\"admin\",\"dictName\":\"请求方式\",\"params\":{},\"dictType\":\"request_type\",\"status\":\"0\"}', '{\"msg\":\"操作成功\",\"code\":200}', '0', null, '2021-01-19 11:28:04');
INSERT INTO `sys_oper_log` VALUES ('16', '字典数据', '1', 'com.tcoiss.system.controller.SysDictDataController.add()', 'POST', '1', 'admin', null, '/dict/data', '127.0.0.1', '', '{\"dictValue\":\"post\",\"dictSort\":0,\"params\":{},\"dictType\":\"request_type\",\"dictLabel\":\"post请求\",\"createBy\":\"admin\",\"default\":false,\"status\":\"0\"}', '{\"msg\":\"操作成功\",\"code\":200}', '0', null, '2021-01-19 11:28:31');
INSERT INTO `sys_oper_log` VALUES ('17', '字典数据', '1', 'com.tcoiss.system.controller.SysDictDataController.add()', 'POST', '1', 'admin', null, '/dict/data', '127.0.0.1', '', '{\"dictValue\":\"get\",\"dictSort\":1,\"params\":{},\"dictType\":\"request_type\",\"dictLabel\":\"get请求\",\"createBy\":\"admin\",\"default\":false,\"status\":\"0\"}', '{\"msg\":\"操作成功\",\"code\":200}', '0', null, '2021-01-19 11:29:11');
INSERT INTO `sys_oper_log` VALUES ('18', '代码生成', '8', 'com.tcoiss.gen.controller.GenController.batchGenCode()', 'GET', '1', 'admin', null, '/gen/batchGenCode', '127.0.0.1', '', null, 'null', '0', null, '2021-01-19 11:35:17');
INSERT INTO `sys_oper_log` VALUES ('19', '代码生成', '8', 'com.tcoiss.gen.controller.GenController.batchGenCode()', 'GET', '1', 'admin', null, '/gen/batchGenCode', '127.0.0.1', '', null, 'null', '0', null, '2021-01-19 11:37:26');
INSERT INTO `sys_oper_log` VALUES ('20', '代码生成', '8', 'com.tcoiss.gen.controller.GenController.batchGenCode()', 'GET', '1', 'admin', null, '/gen/batchGenCode', '127.0.0.1', '', null, 'null', '0', null, '2021-01-19 13:20:55');
INSERT INTO `sys_oper_log` VALUES ('21', '代码生成', '8', 'com.tcoiss.gen.controller.GenController.batchGenCode()', 'GET', '1', 'admin', null, '/gen/batchGenCode', '127.0.0.1', '', null, 'null', '0', null, '2021-01-19 13:21:20');
INSERT INTO `sys_oper_log` VALUES ('22', '代码生成', '8', 'com.tcoiss.gen.controller.GenController.batchGenCode()', 'GET', '1', 'admin', null, '/gen/batchGenCode', '127.0.0.1', '', null, 'null', '0', null, '2021-01-19 14:39:17');
INSERT INTO `sys_oper_log` VALUES ('23', '代码生成', '8', 'com.tcoiss.gen.controller.GenController.batchGenCode()', 'GET', '1', 'admin', null, '/gen/batchGenCode', '127.0.0.1', '', null, 'null', '0', null, '2021-01-19 14:40:37');
INSERT INTO `sys_oper_log` VALUES ('24', 'API服务配置', '1', 'com.tcoiss.webservice.controller.ApiServiceConfigController.add()', 'POST', '1', 'admin', null, '/apiServiceConfig', '127.0.0.1', '', '{\"apiName\":\"1\",\"orderNo\":0,\"apiCode\":\"2\",\"appName\":\"dsf\",\"dataType\":\"json\",\"params\":{},\"apiUrl\":\"dsf\",\"createId\":12,\"id\":1351444927714275329,\"apiObj\":\"12\",\"createName\":\"dfd\",\"dataLevel\":0}', 'null', '1', '\r\n### Error updating database.  Cause: com.mysql.cj.jdbc.exceptions.MysqlDataTruncation: Data truncation: Out of range value for column \'id\' at row 1\r\n### The error may exist in com/tcoiss/webservice/mapper/ApiServiceConfigMapper.java (best guess)\r\n### The error may involve com.tcoiss.webservice.mapper.ApiServiceConfigMapper.insert-Inline\r\n### The error occurred while setting parameters\r\n### SQL: INSERT INTO api_service_config  ( id, api_name, api_code,  api_obj, app_name, api_url, data_type,  create_id, create_name,  data_level, order_no )  VALUES  ( ?, ?, ?,  ?, ?, ?, ?,  ?, ?,  ?, ? )\r\n### Cause: com.mysql.cj.jdbc.exceptions.MysqlDataTruncation: Data truncation: Out of range value for column \'id\' at row 1\n; Data truncation: Out of range value for column \'id\' at row 1; nested exception is com.mysql.cj.jdbc.exceptions.MysqlDataTruncation: Data truncation: Out of range value for column \'id\' at row 1', '2021-01-19 16:22:34');
INSERT INTO `sys_oper_log` VALUES ('25', 'API服务配置', '1', 'com.tcoiss.webservice.controller.ApiServiceConfigController.add()', 'POST', '1', 'admin', null, '/apiServiceConfig', '127.0.0.1', '', '{\"paramTemplate\":\"d\",\"apiName\":\"1\",\"orderNo\":0,\"apiCode\":\"2\",\"appName\":\"dsf\",\"dataType\":\"json\",\"params\":{},\"apiUrl\":\"dsf\",\"createId\":12,\"id\":1351444995083186177,\"apiObj\":\"12\",\"createName\":\"dfd\",\"dataLevel\":0}', 'null', '1', '\r\n### Error updating database.  Cause: com.mysql.cj.jdbc.exceptions.MysqlDataTruncation: Data truncation: Out of range value for column \'id\' at row 1\r\n### The error may exist in com/tcoiss/webservice/mapper/ApiServiceConfigMapper.java (best guess)\r\n### The error may involve com.tcoiss.webservice.mapper.ApiServiceConfigMapper.insert-Inline\r\n### The error occurred while setting parameters\r\n### SQL: INSERT INTO api_service_config  ( id, api_name, api_code,  api_obj, app_name, api_url, data_type, param_template, create_id, create_name,  data_level, order_no )  VALUES  ( ?, ?, ?,  ?, ?, ?, ?, ?, ?, ?,  ?, ? )\r\n### Cause: com.mysql.cj.jdbc.exceptions.MysqlDataTruncation: Data truncation: Out of range value for column \'id\' at row 1\n; Data truncation: Out of range value for column \'id\' at row 1; nested exception is com.mysql.cj.jdbc.exceptions.MysqlDataTruncation: Data truncation: Out of range value for column \'id\' at row 1', '2021-01-19 16:22:50');
INSERT INTO `sys_oper_log` VALUES ('26', 'API服务配置', '1', 'com.tcoiss.webservice.controller.ApiServiceConfigController.add()', 'POST', '1', 'admin', null, '/apiServiceConfig', '127.0.0.1', '', '{\"paramTemplate\":\"d\",\"apiName\":\"1\",\"orderNo\":0,\"apiCode\":\"2\",\"appName\":\"dsf\",\"dataType\":\"json\",\"params\":{},\"apiUrl\":\"dsf\",\"createId\":12,\"id\":1351447665646874625,\"apiObj\":\"12\",\"createName\":\"dfd\",\"dataLevel\":0}', 'null', '1', '\r\n### Error updating database.  Cause: com.mysql.cj.jdbc.exceptions.MysqlDataTruncation: Data truncation: Out of range value for column \'id\' at row 1\r\n### The error may exist in com/tcoiss/webservice/mapper/ApiServiceConfigMapper.java (best guess)\r\n### The error may involve com.tcoiss.webservice.mapper.ApiServiceConfigMapper.insert-Inline\r\n### The error occurred while setting parameters\r\n### SQL: INSERT INTO api_service_config  ( id, api_name, api_code,  api_obj, app_name, api_url, data_type, param_template, create_id, create_name,  data_level, order_no )  VALUES  ( ?, ?, ?,  ?, ?, ?, ?, ?, ?, ?,  ?, ? )\r\n### Cause: com.mysql.cj.jdbc.exceptions.MysqlDataTruncation: Data truncation: Out of range value for column \'id\' at row 1\n; Data truncation: Out of range value for column \'id\' at row 1; nested exception is com.mysql.cj.jdbc.exceptions.MysqlDataTruncation: Data truncation: Out of range value for column \'id\' at row 1', '2021-01-19 16:33:27');
INSERT INTO `sys_oper_log` VALUES ('27', 'API服务配置', '1', 'com.tcoiss.webservice.controller.ApiServiceConfigController.add()', 'POST', '1', 'admin', null, '/apiServiceConfig', '127.0.0.1', '', '{\"paramTemplate\":\"d\",\"apiName\":\"1\",\"orderNo\":0,\"apiCode\":\"2\",\"appName\":\"dsf\",\"dataType\":\"json\",\"params\":{},\"apiUrl\":\"dsf\",\"createId\":12,\"id\":1351447665646874626,\"apiObj\":\"12\",\"createName\":\"dfd\",\"dataLevel\":0}', 'null', '1', '\r\n### Error updating database.  Cause: com.mysql.cj.jdbc.exceptions.MysqlDataTruncation: Data truncation: Out of range value for column \'id\' at row 1\r\n### The error may exist in com/tcoiss/webservice/mapper/ApiServiceConfigMapper.java (best guess)\r\n### The error may involve com.tcoiss.webservice.mapper.ApiServiceConfigMapper.insert-Inline\r\n### The error occurred while setting parameters\r\n### SQL: INSERT INTO api_service_config  ( id, api_name, api_code,  api_obj, app_name, api_url, data_type, param_template, create_id, create_name,  data_level, order_no )  VALUES  ( ?, ?, ?,  ?, ?, ?, ?, ?, ?, ?,  ?, ? )\r\n### Cause: com.mysql.cj.jdbc.exceptions.MysqlDataTruncation: Data truncation: Out of range value for column \'id\' at row 1\n; Data truncation: Out of range value for column \'id\' at row 1; nested exception is com.mysql.cj.jdbc.exceptions.MysqlDataTruncation: Data truncation: Out of range value for column \'id\' at row 1', '2021-01-19 16:33:27');
INSERT INTO `sys_oper_log` VALUES ('28', 'API服务配置', '1', 'com.tcoiss.webservice.controller.ApiServiceConfigController.add()', 'POST', '1', 'admin', null, '/apiServiceConfig', '127.0.0.1', '', '{\"paramTemplate\":\"...\",\"apiName\":\"测试\",\"orderNo\":0,\"apiCode\":\"test\",\"appName\":\"无\",\"dataType\":\"json\",\"params\":{},\"apiUrl\":\"1233\",\"createId\":12,\"apiObj\":\"无\",\"createName\":\"zw\",\"dataLevel\":0}', 'null', '1', '\r\n### Error updating database.  Cause: java.sql.SQLException: Field \'request_type\' doesn\'t have a default value\r\n### The error may exist in com/tcoiss/webservice/mapper/ApiServiceConfigMapper.java (best guess)\r\n### The error may involve com.tcoiss.webservice.mapper.ApiServiceConfigMapper.insert-Inline\r\n### The error occurred while setting parameters\r\n### SQL: INSERT INTO api_service_config  ( api_name, api_code,  api_obj, app_name, api_url, data_type, param_template, create_id, create_name,  data_level, order_no )  VALUES  ( ?, ?,  ?, ?, ?, ?, ?, ?, ?,  ?, ? )\r\n### Cause: java.sql.SQLException: Field \'request_type\' doesn\'t have a default value\n; Field \'request_type\' doesn\'t have a default value; nested exception is java.sql.SQLException: Field \'request_type\' doesn\'t have a default value', '2021-01-19 16:37:24');
INSERT INTO `sys_oper_log` VALUES ('29', 'API服务配置', '1', 'com.tcoiss.webservice.controller.ApiServiceConfigController.add()', 'POST', '1', 'admin', null, '/apiServiceConfig', '127.0.0.1', '', '{\"paramTemplate\":\"测试\",\"apiName\":\"测试\",\"orderNo\":0,\"dataType\":\"json\",\"params\":{},\"apiUrl\":\"123456\",\"dataLevel\":0}', 'null', '1', '\r\n### Error updating database.  Cause: java.sql.SQLException: Field \'request_type\' doesn\'t have a default value\r\n### The error may exist in com/tcoiss/webservice/mapper/ApiServiceConfigMapper.java (best guess)\r\n### The error may involve com.tcoiss.webservice.mapper.ApiServiceConfigMapper.insert-Inline\r\n### The error occurred while setting parameters\r\n### SQL: INSERT INTO api_service_config  ( api_name,     api_url, data_type, param_template,    data_level, order_no )  VALUES  ( ?,     ?, ?, ?,    ?, ? )\r\n### Cause: java.sql.SQLException: Field \'request_type\' doesn\'t have a default value\n; Field \'request_type\' doesn\'t have a default value; nested exception is java.sql.SQLException: Field \'request_type\' doesn\'t have a default value', '2021-01-19 16:42:44');
INSERT INTO `sys_oper_log` VALUES ('30', 'API服务配置', '1', 'com.tcoiss.webservice.controller.ApiServiceConfigController.add()', 'POST', '1', 'admin', null, '/apiServiceConfig', '127.0.0.1', '', '{\"paramTemplate\":\"测试\",\"apiName\":\"测试\",\"orderNo\":0,\"requestType\":\"post\",\"params\":{},\"apiUrl\":\"156465\",\"id\":1,\"dataLevel\":0}', '{\"msg\":\"操作成功\",\"code\":200}', '0', null, '2021-01-19 16:44:14');
INSERT INTO `sys_oper_log` VALUES ('31', 'API服务配置', '1', 'com.tcoiss.webservice.controller.ApiServiceConfigController.add()', 'POST', '1', 'admin', null, '/apiServiceConfig', '127.0.0.1', '', '{\"paramTemplate\":\"{\\\"appId\\\": \\\"helloworldtest\\\",\\\"appSecuret\\\": \\\"1234567\\\",\\\"tenantid\\\": \\\"ierp\\\",\\\"accountId\\\": \\\"679008189806542848\\\",\\\"language\\\": \\\"zh_CN\\\"}\",\"apiName\":\"获取应用令牌\",\"requestType\":\"post\",\"apiCode\":\"getAppToken\",\"appName\":\"金碟云苍穹\",\"dataType\":\"json\",\"params\":{},\"apiUrl\":\"http://localhost:8080/ierp/api/getAppToken.do\",\"id\":2,\"dataLevel\":1}', '{\"msg\":\"操作成功\",\"code\":200}', '0', null, '2021-01-19 17:11:32');
INSERT INTO `sys_oper_log` VALUES ('32', 'API服务配置', '3', 'com.tcoiss.webservice.controller.ApiServiceConfigController.remove()', 'DELETE', '1', 'admin', null, '/apiServiceConfig/1', '127.0.0.1', '', null, '{\"msg\":\"操作成功\",\"code\":200}', '0', null, '2021-01-19 17:11:41');
INSERT INTO `sys_oper_log` VALUES ('33', 'API服务配置', '1', 'com.tcoiss.webservice.controller.ApiServiceConfigController.add()', 'POST', '1', 'admin', null, '/apiServiceConfig', '127.0.0.1', '', '{\"paramTemplate\":\"{\\\"user\\\": \\\"17299999999\\\",\\\"apptoken\\\": \\\"appToken\\\",\\\"tenantid\\\": \\\"ierp\\\",\\\"accountId\\\": \\\"679008189806542848\\\",\\\"usertype\\\": \\\"Mobile\\\"}\",\"apiName\":\"获取用户令牌\",\"requestType\":\"post\",\"apiCode\":\"getUserToken\",\"appName\":\"金碟云苍穹\",\"dataType\":\"json\",\"params\":{},\"apiUrl\":\"http://localhost:8080/ierp/api/login.do\",\"id\":3,\"dataLevel\":1}', '{\"msg\":\"操作成功\",\"code\":200}', '0', null, '2021-01-19 17:15:21');

-- ----------------------------
-- Table structure for sys_post
-- ----------------------------
DROP TABLE IF EXISTS `sys_post`;
CREATE TABLE `sys_post` (
  `post_id` bigint(20) NOT NULL AUTO_INCREMENT COMMENT '岗位ID',
  `post_code` varchar(64) COLLATE utf8mb4_unicode_ci NOT NULL COMMENT '岗位编码',
  `post_name` varchar(50) COLLATE utf8mb4_unicode_ci NOT NULL COMMENT '岗位名称',
  `post_sort` int(4) NOT NULL COMMENT '显示顺序',
  `status` char(1) COLLATE utf8mb4_unicode_ci NOT NULL COMMENT '状态（0正常 1停用）',
  `create_by` varchar(64) COLLATE utf8mb4_unicode_ci DEFAULT '' COMMENT '创建者',
  `create_time` datetime DEFAULT NULL COMMENT '创建时间',
  `update_by` varchar(64) COLLATE utf8mb4_unicode_ci DEFAULT '' COMMENT '更新者',
  `update_time` datetime DEFAULT NULL COMMENT '更新时间',
  `remark` varchar(500) COLLATE utf8mb4_unicode_ci DEFAULT NULL COMMENT '备注',
  PRIMARY KEY (`post_id`)
) ENGINE=InnoDB AUTO_INCREMENT=5 DEFAULT CHARSET=utf8mb4 COLLATE=utf8mb4_unicode_ci COMMENT='岗位信息表';

-- ----------------------------
-- Records of sys_post
-- ----------------------------
INSERT INTO `sys_post` VALUES ('1', 'ceo', '董事长', '1', '0', 'admin', '2018-03-16 11:33:00', 'ry', '2018-03-16 11:33:00', '');
INSERT INTO `sys_post` VALUES ('2', 'se', '项目经理', '2', '0', 'admin', '2018-03-16 11:33:00', 'ry', '2018-03-16 11:33:00', '');
INSERT INTO `sys_post` VALUES ('3', 'hr', '人力资源', '3', '0', 'admin', '2018-03-16 11:33:00', 'ry', '2018-03-16 11:33:00', '');
INSERT INTO `sys_post` VALUES ('4', 'user', '普通员工', '4', '0', 'admin', '2018-03-16 11:33:00', 'ry', '2018-03-16 11:33:00', '');

-- ----------------------------
-- Table structure for sys_role
-- ----------------------------
DROP TABLE IF EXISTS `sys_role`;
CREATE TABLE `sys_role` (
  `role_id` bigint(20) NOT NULL AUTO_INCREMENT COMMENT '角色ID',
  `role_name` varchar(30) COLLATE utf8mb4_unicode_ci NOT NULL COMMENT '角色名称',
  `role_key` varchar(100) COLLATE utf8mb4_unicode_ci NOT NULL COMMENT '角色权限字符串',
  `role_sort` int(4) NOT NULL COMMENT '显示顺序',
  `data_scope` char(1) COLLATE utf8mb4_unicode_ci DEFAULT '1' COMMENT '数据范围（1：全部数据权限 2：自定数据权限 3：本部门数据权限 4：本部门及以下数据权限）',
  `menu_check_strictly` tinyint(1) DEFAULT '1' COMMENT '菜单树选择项是否关联显示',
  `dept_check_strictly` tinyint(1) DEFAULT '1' COMMENT '部门树选择项是否关联显示',
  `status` char(1) COLLATE utf8mb4_unicode_ci NOT NULL COMMENT '角色状态（0正常 1停用）',
  `del_flag` char(1) COLLATE utf8mb4_unicode_ci DEFAULT '0' COMMENT '删除标志（0代表存在 2代表删除）',
  `create_by` varchar(64) COLLATE utf8mb4_unicode_ci DEFAULT '' COMMENT '创建者',
  `create_time` datetime DEFAULT NULL COMMENT '创建时间',
  `update_by` varchar(64) COLLATE utf8mb4_unicode_ci DEFAULT '' COMMENT '更新者',
  `update_time` datetime DEFAULT NULL COMMENT '更新时间',
  `remark` varchar(500) COLLATE utf8mb4_unicode_ci DEFAULT NULL COMMENT '备注',
  PRIMARY KEY (`role_id`)
) ENGINE=InnoDB AUTO_INCREMENT=3 DEFAULT CHARSET=utf8mb4 COLLATE=utf8mb4_unicode_ci COMMENT='角色信息表';

-- ----------------------------
-- Records of sys_role
-- ----------------------------
INSERT INTO `sys_role` VALUES ('1', '超级管理员', 'admin', '1', '1', '1', '1', '0', '0', 'admin', '2018-03-16 11:33:00', 'ry', '2018-03-16 11:33:00', '超级管理员');
INSERT INTO `sys_role` VALUES ('2', '普通角色', 'common', '2', '2', '1', '1', '0', '0', 'admin', '2018-03-16 11:33:00', 'ry', '2018-03-16 11:33:00', '普通角色');

-- ----------------------------
-- Table structure for sys_role_dept
-- ----------------------------
DROP TABLE IF EXISTS `sys_role_dept`;
CREATE TABLE `sys_role_dept` (
  `role_id` bigint(20) NOT NULL COMMENT '角色ID',
  `dept_id` bigint(20) NOT NULL COMMENT '部门ID',
  PRIMARY KEY (`role_id`,`dept_id`)
) ENGINE=InnoDB DEFAULT CHARSET=utf8mb4 COLLATE=utf8mb4_unicode_ci COMMENT='角色和部门关联表';

-- ----------------------------
-- Records of sys_role_dept
-- ----------------------------
INSERT INTO `sys_role_dept` VALUES ('2', '100');
INSERT INTO `sys_role_dept` VALUES ('2', '101');
INSERT INTO `sys_role_dept` VALUES ('2', '105');

-- ----------------------------
-- Table structure for sys_role_menu
-- ----------------------------
DROP TABLE IF EXISTS `sys_role_menu`;
CREATE TABLE `sys_role_menu` (
  `role_id` bigint(20) NOT NULL COMMENT '角色ID',
  `menu_id` bigint(20) NOT NULL COMMENT '菜单ID',
  PRIMARY KEY (`role_id`,`menu_id`)
) ENGINE=InnoDB DEFAULT CHARSET=utf8mb4 COLLATE=utf8mb4_unicode_ci COMMENT='角色和菜单关联表';

-- ----------------------------
-- Records of sys_role_menu
-- ----------------------------
INSERT INTO `sys_role_menu` VALUES ('2', '1');
INSERT INTO `sys_role_menu` VALUES ('2', '2');
INSERT INTO `sys_role_menu` VALUES ('2', '3');
INSERT INTO `sys_role_menu` VALUES ('2', '4');
INSERT INTO `sys_role_menu` VALUES ('2', '100');
INSERT INTO `sys_role_menu` VALUES ('2', '101');
INSERT INTO `sys_role_menu` VALUES ('2', '102');
INSERT INTO `sys_role_menu` VALUES ('2', '103');
INSERT INTO `sys_role_menu` VALUES ('2', '104');
INSERT INTO `sys_role_menu` VALUES ('2', '105');
INSERT INTO `sys_role_menu` VALUES ('2', '106');
INSERT INTO `sys_role_menu` VALUES ('2', '107');
INSERT INTO `sys_role_menu` VALUES ('2', '108');
INSERT INTO `sys_role_menu` VALUES ('2', '109');
INSERT INTO `sys_role_menu` VALUES ('2', '110');
INSERT INTO `sys_role_menu` VALUES ('2', '111');
INSERT INTO `sys_role_menu` VALUES ('2', '112');
INSERT INTO `sys_role_menu` VALUES ('2', '113');
INSERT INTO `sys_role_menu` VALUES ('2', '114');
INSERT INTO `sys_role_menu` VALUES ('2', '115');
INSERT INTO `sys_role_menu` VALUES ('2', '116');
INSERT INTO `sys_role_menu` VALUES ('2', '500');
INSERT INTO `sys_role_menu` VALUES ('2', '501');
INSERT INTO `sys_role_menu` VALUES ('2', '1000');
INSERT INTO `sys_role_menu` VALUES ('2', '1001');
INSERT INTO `sys_role_menu` VALUES ('2', '1002');
INSERT INTO `sys_role_menu` VALUES ('2', '1003');
INSERT INTO `sys_role_menu` VALUES ('2', '1004');
INSERT INTO `sys_role_menu` VALUES ('2', '1005');
INSERT INTO `sys_role_menu` VALUES ('2', '1006');
INSERT INTO `sys_role_menu` VALUES ('2', '1007');
INSERT INTO `sys_role_menu` VALUES ('2', '1008');
INSERT INTO `sys_role_menu` VALUES ('2', '1009');
INSERT INTO `sys_role_menu` VALUES ('2', '1010');
INSERT INTO `sys_role_menu` VALUES ('2', '1011');
INSERT INTO `sys_role_menu` VALUES ('2', '1012');
INSERT INTO `sys_role_menu` VALUES ('2', '1013');
INSERT INTO `sys_role_menu` VALUES ('2', '1014');
INSERT INTO `sys_role_menu` VALUES ('2', '1015');
INSERT INTO `sys_role_menu` VALUES ('2', '1016');
INSERT INTO `sys_role_menu` VALUES ('2', '1017');
INSERT INTO `sys_role_menu` VALUES ('2', '1018');
INSERT INTO `sys_role_menu` VALUES ('2', '1019');
INSERT INTO `sys_role_menu` VALUES ('2', '1020');
INSERT INTO `sys_role_menu` VALUES ('2', '1021');
INSERT INTO `sys_role_menu` VALUES ('2', '1022');
INSERT INTO `sys_role_menu` VALUES ('2', '1023');
INSERT INTO `sys_role_menu` VALUES ('2', '1024');
INSERT INTO `sys_role_menu` VALUES ('2', '1025');
INSERT INTO `sys_role_menu` VALUES ('2', '1026');
INSERT INTO `sys_role_menu` VALUES ('2', '1027');
INSERT INTO `sys_role_menu` VALUES ('2', '1028');
INSERT INTO `sys_role_menu` VALUES ('2', '1029');
INSERT INTO `sys_role_menu` VALUES ('2', '1030');
INSERT INTO `sys_role_menu` VALUES ('2', '1031');
INSERT INTO `sys_role_menu` VALUES ('2', '1032');
INSERT INTO `sys_role_menu` VALUES ('2', '1033');
INSERT INTO `sys_role_menu` VALUES ('2', '1034');
INSERT INTO `sys_role_menu` VALUES ('2', '1035');
INSERT INTO `sys_role_menu` VALUES ('2', '1036');
INSERT INTO `sys_role_menu` VALUES ('2', '1037');
INSERT INTO `sys_role_menu` VALUES ('2', '1038');
INSERT INTO `sys_role_menu` VALUES ('2', '1039');
INSERT INTO `sys_role_menu` VALUES ('2', '1040');
INSERT INTO `sys_role_menu` VALUES ('2', '1041');
INSERT INTO `sys_role_menu` VALUES ('2', '1042');
INSERT INTO `sys_role_menu` VALUES ('2', '1043');
INSERT INTO `sys_role_menu` VALUES ('2', '1044');
INSERT INTO `sys_role_menu` VALUES ('2', '1045');
INSERT INTO `sys_role_menu` VALUES ('2', '1046');
INSERT INTO `sys_role_menu` VALUES ('2', '1047');
INSERT INTO `sys_role_menu` VALUES ('2', '1048');
INSERT INTO `sys_role_menu` VALUES ('2', '1049');
INSERT INTO `sys_role_menu` VALUES ('2', '1050');
INSERT INTO `sys_role_menu` VALUES ('2', '1051');
INSERT INTO `sys_role_menu` VALUES ('2', '1052');
INSERT INTO `sys_role_menu` VALUES ('2', '1053');
INSERT INTO `sys_role_menu` VALUES ('2', '1054');
INSERT INTO `sys_role_menu` VALUES ('2', '1055');
INSERT INTO `sys_role_menu` VALUES ('2', '1056');
INSERT INTO `sys_role_menu` VALUES ('2', '1057');
INSERT INTO `sys_role_menu` VALUES ('2', '1058');
INSERT INTO `sys_role_menu` VALUES ('2', '1059');
INSERT INTO `sys_role_menu` VALUES ('2', '1060');
INSERT INTO `sys_role_menu` VALUES ('2', '1061');
INSERT INTO `sys_role_menu` VALUES ('2', '1062');
INSERT INTO `sys_role_menu` VALUES ('2', '1063');
INSERT INTO `sys_role_menu` VALUES ('2', '1064');
INSERT INTO `sys_role_menu` VALUES ('2', '1065');

-- ----------------------------
-- Table structure for sys_user
-- ----------------------------
DROP TABLE IF EXISTS `sys_user`;
CREATE TABLE `sys_user` (
  `user_id` bigint(20) NOT NULL AUTO_INCREMENT COMMENT '用户ID',
  `dept_id` bigint(20) DEFAULT NULL COMMENT '部门ID',
  `user_name` varchar(30) COLLATE utf8mb4_unicode_ci NOT NULL COMMENT '用户账号',
  `nick_name` varchar(30) COLLATE utf8mb4_unicode_ci NOT NULL COMMENT '用户昵称',
  `user_type` varchar(2) COLLATE utf8mb4_unicode_ci DEFAULT '00' COMMENT '用户类型（00系统用户）',
  `email` varchar(50) COLLATE utf8mb4_unicode_ci DEFAULT '' COMMENT '用户邮箱',
  `phonenumber` varchar(11) COLLATE utf8mb4_unicode_ci DEFAULT '' COMMENT '手机号码',
  `sex` char(1) COLLATE utf8mb4_unicode_ci DEFAULT '0' COMMENT '用户性别（0男 1女 2未知）',
  `avatar` varchar(100) COLLATE utf8mb4_unicode_ci DEFAULT '' COMMENT '头像地址',
  `password` varchar(100) COLLATE utf8mb4_unicode_ci DEFAULT '' COMMENT '密码',
  `status` char(1) COLLATE utf8mb4_unicode_ci DEFAULT '0' COMMENT '帐号状态（0正常 1停用）',
  `del_flag` char(1) COLLATE utf8mb4_unicode_ci DEFAULT '0' COMMENT '删除标志（0代表存在 2代表删除）',
  `login_ip` varchar(50) COLLATE utf8mb4_unicode_ci DEFAULT '' COMMENT '最后登录IP',
  `login_date` datetime DEFAULT NULL COMMENT '最后登录时间',
  `create_by` varchar(64) COLLATE utf8mb4_unicode_ci DEFAULT '' COMMENT '创建者',
  `create_time` datetime DEFAULT NULL COMMENT '创建时间',
  `update_by` varchar(64) COLLATE utf8mb4_unicode_ci DEFAULT '' COMMENT '更新者',
  `update_time` datetime DEFAULT NULL COMMENT '更新时间',
  `remark` varchar(500) COLLATE utf8mb4_unicode_ci DEFAULT NULL COMMENT '备注',
  PRIMARY KEY (`user_id`)
) ENGINE=InnoDB AUTO_INCREMENT=3 DEFAULT CHARSET=utf8mb4 COLLATE=utf8mb4_unicode_ci COMMENT='用户信息表';

-- ----------------------------
-- Records of sys_user
-- ----------------------------
INSERT INTO `sys_user` VALUES ('1', '103', 'admin', '若依', '00', 'ry@163.com', '15888888888', '1', '', '$2a$10$7JB720yubVSZvUI0rEqK/.VqGOZTH.ulu33dHOiBE8ByOhJIrdAu2', '0', '0', '127.0.0.1', '2018-03-16 11:33:00', 'admin', '2018-03-16 11:33:00', 'ry', '2018-03-16 11:33:00', '管理员');
INSERT INTO `sys_user` VALUES ('2', '105', 'ry', '若依', '00', 'ry@qq.com', '15666666666', '1', '', '$2a$10$7JB720yubVSZvUI0rEqK/.VqGOZTH.ulu33dHOiBE8ByOhJIrdAu2', '0', '0', '127.0.0.1', '2018-03-16 11:33:00', 'admin', '2018-03-16 11:33:00', 'ry', '2018-03-16 11:33:00', '测试员');

-- ----------------------------
-- Table structure for sys_user_post
-- ----------------------------
DROP TABLE IF EXISTS `sys_user_post`;
CREATE TABLE `sys_user_post` (
  `user_id` bigint(20) NOT NULL COMMENT '用户ID',
  `post_id` bigint(20) NOT NULL COMMENT '岗位ID',
  PRIMARY KEY (`user_id`,`post_id`)
) ENGINE=InnoDB DEFAULT CHARSET=utf8mb4 COLLATE=utf8mb4_unicode_ci COMMENT='用户与岗位关联表';

-- ----------------------------
-- Records of sys_user_post
-- ----------------------------
INSERT INTO `sys_user_post` VALUES ('1', '1');
INSERT INTO `sys_user_post` VALUES ('2', '2');

-- ----------------------------
-- Table structure for sys_user_role
-- ----------------------------
DROP TABLE IF EXISTS `sys_user_role`;
CREATE TABLE `sys_user_role` (
  `user_id` bigint(20) NOT NULL COMMENT '用户ID',
  `role_id` bigint(20) NOT NULL COMMENT '角色ID',
  PRIMARY KEY (`user_id`,`role_id`)
) ENGINE=InnoDB DEFAULT CHARSET=utf8mb4 COLLATE=utf8mb4_unicode_ci COMMENT='用户和角色关联表';

-- ----------------------------
-- Records of sys_user_role
-- ----------------------------
INSERT INTO `sys_user_role` VALUES ('1', '1');
INSERT INTO `sys_user_role` VALUES ('2', '2');

-- ----------------------------
-- Table structure for tenant_capacity
-- ----------------------------
DROP TABLE IF EXISTS `tenant_capacity`;
CREATE TABLE `tenant_capacity` (
  `id` bigint(20) unsigned NOT NULL AUTO_INCREMENT COMMENT '主键ID',
  `tenant_id` varchar(128) COLLATE utf8_bin NOT NULL DEFAULT '' COMMENT 'Tenant ID',
  `quota` int(10) unsigned NOT NULL DEFAULT '0' COMMENT '配额，0表示使用默认值',
  `usage` int(10) unsigned NOT NULL DEFAULT '0' COMMENT '使用量',
  `max_size` int(10) unsigned NOT NULL DEFAULT '0' COMMENT '单个配置大小上限，单位为字节，0表示使用默认值',
  `max_aggr_count` int(10) unsigned NOT NULL DEFAULT '0' COMMENT '聚合子配置最大个数',
  `max_aggr_size` int(10) unsigned NOT NULL DEFAULT '0' COMMENT '单个聚合数据的子配置大小上限，单位为字节，0表示使用默认值',
  `max_history_count` int(10) unsigned NOT NULL DEFAULT '0' COMMENT '最大变更历史数量',
  `gmt_create` datetime NOT NULL DEFAULT CURRENT_TIMESTAMP COMMENT '创建时间',
  `gmt_modified` datetime NOT NULL DEFAULT CURRENT_TIMESTAMP COMMENT '修改时间',
  PRIMARY KEY (`id`),
  UNIQUE KEY `uk_tenant_id` (`tenant_id`)
) ENGINE=InnoDB DEFAULT CHARSET=utf8 COLLATE=utf8_bin COMMENT='租户容量信息表';

-- ----------------------------
-- Records of tenant_capacity
-- ----------------------------

-- ----------------------------
-- Table structure for tenant_info
-- ----------------------------
DROP TABLE IF EXISTS `tenant_info`;
CREATE TABLE `tenant_info` (
  `id` bigint(20) NOT NULL AUTO_INCREMENT COMMENT 'id',
  `kp` varchar(128) COLLATE utf8_bin NOT NULL COMMENT 'kp',
  `tenant_id` varchar(128) COLLATE utf8_bin DEFAULT '' COMMENT 'tenant_id',
  `tenant_name` varchar(128) COLLATE utf8_bin DEFAULT '' COMMENT 'tenant_name',
  `tenant_desc` varchar(256) COLLATE utf8_bin DEFAULT NULL COMMENT 'tenant_desc',
  `create_source` varchar(32) COLLATE utf8_bin DEFAULT NULL COMMENT 'create_source',
  `gmt_create` bigint(20) NOT NULL COMMENT '创建时间',
  `gmt_modified` bigint(20) NOT NULL COMMENT '修改时间',
  PRIMARY KEY (`id`),
  UNIQUE KEY `uk_tenant_info_kptenantid` (`kp`,`tenant_id`),
  KEY `idx_tenant_id` (`tenant_id`)
) ENGINE=InnoDB DEFAULT CHARSET=utf8 COLLATE=utf8_bin COMMENT='tenant_info';

-- ----------------------------
-- Records of tenant_info
-- ----------------------------

-- ----------------------------
-- Table structure for users
-- ----------------------------
DROP TABLE IF EXISTS `users`;
CREATE TABLE `users` (
  `username` varchar(50) COLLATE utf8mb4_unicode_ci NOT NULL,
  `password` varchar(500) COLLATE utf8mb4_unicode_ci NOT NULL,
  `enabled` tinyint(1) NOT NULL,
  PRIMARY KEY (`username`)
) ENGINE=InnoDB DEFAULT CHARSET=utf8mb4 COLLATE=utf8mb4_unicode_ci;

-- ----------------------------
-- Records of users
-- ----------------------------
INSERT INTO `users` VALUES ('nacos', '$2a$10$EuWPZHzz32dJN7jexM34MOeYirDdFAZm2kuWj7VEOJhhZkDrxfvUu', '1');

-- ----------------------------
-- Table structure for xxl_job_group
-- ----------------------------
DROP TABLE IF EXISTS `xxl_job_group`;
CREATE TABLE `xxl_job_group` (
  `id` int(11) NOT NULL AUTO_INCREMENT,
  `app_name` varchar(64) NOT NULL COMMENT '执行器AppName',
  `title` varchar(12) NOT NULL COMMENT '执行器名称',
  `address_type` tinyint(4) NOT NULL DEFAULT '0' COMMENT '执行器地址类型：0=自动注册、1=手动录入',
  `address_list` varchar(512) DEFAULT NULL COMMENT '执行器地址列表，多地址逗号分隔',
  PRIMARY KEY (`id`)
) ENGINE=InnoDB AUTO_INCREMENT=2 DEFAULT CHARSET=utf8mb4;

-- ----------------------------
-- Records of xxl_job_group
-- ----------------------------
INSERT INTO `xxl_job_group` VALUES ('1', 'xxl-job-executor-sample', '示例执行器', '0', null);

-- ----------------------------
-- Table structure for xxl_job_info
-- ----------------------------
DROP TABLE IF EXISTS `xxl_job_info`;
CREATE TABLE `xxl_job_info` (
  `id` int(11) NOT NULL AUTO_INCREMENT,
  `job_group` int(11) NOT NULL COMMENT '执行器主键ID',
  `job_cron` varchar(128) NOT NULL COMMENT '任务执行CRON',
  `job_desc` varchar(255) NOT NULL,
  `add_time` datetime DEFAULT NULL,
  `update_time` datetime DEFAULT NULL,
  `author` varchar(64) DEFAULT NULL COMMENT '作者',
  `alarm_email` varchar(255) DEFAULT NULL COMMENT '报警邮件',
  `executor_route_strategy` varchar(50) DEFAULT NULL COMMENT '执行器路由策略',
  `executor_handler` varchar(255) DEFAULT NULL COMMENT '执行器任务handler',
  `executor_param` varchar(512) DEFAULT NULL COMMENT '执行器任务参数',
  `executor_block_strategy` varchar(50) DEFAULT NULL COMMENT '阻塞处理策略',
  `executor_timeout` int(11) NOT NULL DEFAULT '0' COMMENT '任务执行超时时间，单位秒',
  `executor_fail_retry_count` int(11) NOT NULL DEFAULT '0' COMMENT '失败重试次数',
  `glue_type` varchar(50) NOT NULL COMMENT 'GLUE类型',
  `glue_source` mediumtext COMMENT 'GLUE源代码',
  `glue_remark` varchar(128) DEFAULT NULL COMMENT 'GLUE备注',
  `glue_updatetime` datetime DEFAULT NULL COMMENT 'GLUE更新时间',
  `child_jobid` varchar(255) DEFAULT NULL COMMENT '子任务ID，多个逗号分隔',
  `trigger_status` tinyint(4) NOT NULL DEFAULT '0' COMMENT '调度状态：0-停止，1-运行',
  `trigger_last_time` bigint(13) NOT NULL DEFAULT '0' COMMENT '上次调度时间',
  `trigger_next_time` bigint(13) NOT NULL DEFAULT '0' COMMENT '下次调度时间',
  PRIMARY KEY (`id`)
) ENGINE=InnoDB AUTO_INCREMENT=2 DEFAULT CHARSET=utf8mb4;

-- ----------------------------
-- Records of xxl_job_info
-- ----------------------------
INSERT INTO `xxl_job_info` VALUES ('1', '1', '0 0 0 * * ? *', '测试任务1', '2018-11-03 22:21:31', '2018-11-03 22:21:31', 'XXL', '', 'FIRST', 'demoJobHandler', '', 'SERIAL_EXECUTION', '0', '0', 'BEAN', '', 'GLUE代码初始化', '2018-11-03 22:21:31', '', '0', '0', '0');

-- ----------------------------
-- Table structure for xxl_job_lock
-- ----------------------------
DROP TABLE IF EXISTS `xxl_job_lock`;
CREATE TABLE `xxl_job_lock` (
  `lock_name` varchar(50) NOT NULL COMMENT '锁名称',
  PRIMARY KEY (`lock_name`)
) ENGINE=InnoDB DEFAULT CHARSET=utf8mb4;

-- ----------------------------
-- Records of xxl_job_lock
-- ----------------------------
INSERT INTO `xxl_job_lock` VALUES ('webservice_lock');

-- ----------------------------
-- Table structure for xxl_job_log
-- ----------------------------
DROP TABLE IF EXISTS `xxl_job_log`;
CREATE TABLE `xxl_job_log` (
  `id` bigint(20) NOT NULL AUTO_INCREMENT,
  `job_group` int(11) NOT NULL COMMENT '执行器主键ID',
  `job_id` int(11) NOT NULL COMMENT '任务，主键ID',
  `executor_address` varchar(255) DEFAULT NULL COMMENT '执行器地址，本次执行的地址',
  `executor_handler` varchar(255) DEFAULT NULL COMMENT '执行器任务handler',
  `executor_param` varchar(512) DEFAULT NULL COMMENT '执行器任务参数',
  `executor_sharding_param` varchar(20) DEFAULT NULL COMMENT '执行器任务分片参数，格式如 1/2',
  `executor_fail_retry_count` int(11) NOT NULL DEFAULT '0' COMMENT '失败重试次数',
  `trigger_time` datetime DEFAULT NULL COMMENT '调度-时间',
  `trigger_code` int(11) NOT NULL COMMENT '调度-结果',
  `trigger_msg` text COMMENT '调度-日志',
  `handle_time` datetime DEFAULT NULL COMMENT '执行-时间',
  `handle_code` int(11) NOT NULL COMMENT '执行-状态',
  `handle_msg` text COMMENT '执行-日志',
  `alarm_status` tinyint(4) NOT NULL DEFAULT '0' COMMENT '告警状态：0-默认、1-无需告警、2-告警成功、3-告警失败',
  PRIMARY KEY (`id`),
  KEY `I_trigger_time` (`trigger_time`),
  KEY `I_handle_code` (`handle_code`)
) ENGINE=InnoDB DEFAULT CHARSET=utf8mb4;

-- ----------------------------
-- Records of xxl_job_log
-- ----------------------------

-- ----------------------------
-- Table structure for xxl_job_logglue
-- ----------------------------
DROP TABLE IF EXISTS `xxl_job_logglue`;
CREATE TABLE `xxl_job_logglue` (
  `id` int(11) NOT NULL AUTO_INCREMENT,
  `job_id` int(11) NOT NULL COMMENT '任务，主键ID',
  `glue_type` varchar(50) DEFAULT NULL COMMENT 'GLUE类型',
  `glue_source` mediumtext COMMENT 'GLUE源代码',
  `glue_remark` varchar(128) NOT NULL COMMENT 'GLUE备注',
  `add_time` datetime DEFAULT NULL,
  `update_time` datetime DEFAULT NULL,
  PRIMARY KEY (`id`)
) ENGINE=InnoDB DEFAULT CHARSET=utf8mb4;

-- ----------------------------
-- Records of xxl_job_logglue
-- ----------------------------

-- ----------------------------
-- Table structure for xxl_job_log_report
-- ----------------------------
DROP TABLE IF EXISTS `xxl_job_log_report`;
CREATE TABLE `xxl_job_log_report` (
  `id` int(11) NOT NULL AUTO_INCREMENT,
  `trigger_day` datetime DEFAULT NULL COMMENT '调度-时间',
  `running_count` int(11) NOT NULL DEFAULT '0' COMMENT '运行中-日志数量',
  `suc_count` int(11) NOT NULL DEFAULT '0' COMMENT '执行成功-日志数量',
  `fail_count` int(11) NOT NULL DEFAULT '0' COMMENT '执行失败-日志数量',
  PRIMARY KEY (`id`),
  UNIQUE KEY `i_trigger_day` (`trigger_day`) USING BTREE
) ENGINE=InnoDB AUTO_INCREMENT=4 DEFAULT CHARSET=utf8mb4;

-- ----------------------------
-- Records of xxl_job_log_report
-- ----------------------------
INSERT INTO `xxl_job_log_report` VALUES ('1', '2021-01-18 00:00:00', '0', '0', '0');
INSERT INTO `xxl_job_log_report` VALUES ('2', '2021-01-17 00:00:00', '0', '0', '0');
INSERT INTO `xxl_job_log_report` VALUES ('3', '2021-01-16 00:00:00', '0', '0', '0');

-- ----------------------------
-- Table structure for xxl_job_registry
-- ----------------------------
DROP TABLE IF EXISTS `xxl_job_registry`;
CREATE TABLE `xxl_job_registry` (
  `id` int(11) NOT NULL AUTO_INCREMENT,
  `registry_group` varchar(50) NOT NULL,
  `registry_key` varchar(255) NOT NULL,
  `registry_value` varchar(255) NOT NULL,
  `update_time` datetime DEFAULT NULL,
  PRIMARY KEY (`id`),
  KEY `i_g_k_v` (`registry_group`,`registry_key`,`registry_value`)
) ENGINE=InnoDB DEFAULT CHARSET=utf8mb4;

-- ----------------------------
-- Records of xxl_job_registry
-- ----------------------------

-- ----------------------------
-- Table structure for xxl_job_user
-- ----------------------------
DROP TABLE IF EXISTS `xxl_job_user`;
CREATE TABLE `xxl_job_user` (
  `id` int(11) NOT NULL AUTO_INCREMENT,
  `username` varchar(50) NOT NULL COMMENT '账号',
  `password` varchar(50) NOT NULL COMMENT '密码',
  `role` tinyint(4) NOT NULL COMMENT '角色：0-普通用户、1-管理员',
  `permission` varchar(255) DEFAULT NULL COMMENT '权限：执行器ID列表，多个逗号分割',
  PRIMARY KEY (`id`),
  UNIQUE KEY `i_username` (`username`) USING BTREE
) ENGINE=InnoDB AUTO_INCREMENT=2 DEFAULT CHARSET=utf8mb4;

-- ----------------------------
-- Records of xxl_job_user
-- ----------------------------
INSERT INTO `xxl_job_user` VALUES ('1', 'admin', 'e10adc3949ba59abbe56e057f20f883e', '1', null);
